-- ----------------------------
-- Records of system_menus
-- ----------------------------
INSERT INTO `ops`.`system_menus` (`id`, `pid`, `title`, `sort`, `i18n_key`, `is_hide_menu`, `name`, `path`, `component`, `icon`, `com_id`, `permission`, `type`, `deleted_at`, `created_at`, `updated_at`) VALUES (1, 0, '首页', NULL, 'route.home', 'N', 'home', '/home', 'view.home', 'material-symbols:home', '[]', NULL, '1', NULL, '2024-10-20 15:15:28', '2024-10-23 21:17:36');
INSERT INTO `ops`.`system_menus` (`id`, `pid`, `title`, `sort`, `i18n_key`, `is_hide_menu`, `name`, `path`, `component`, `icon`, `com_id`, `permission`, `type`, `deleted_at`, `created_at`, `updated_at`) VALUES (2, 1, '数据', NULL, NULL, NULL, NULL, NULL, NULL, NULL, '[]', 'Index.index', '2', NULL, '2024-10-20 15:20:44', '2024-10-20 15:20:44');
INSERT INTO `ops`.`system_menus` (`id`, `pid`, `title`, `sort`, `i18n_key`, `is_hide_menu`, `name`, `path`, `component`, `icon`, `com_id`, `permission`, `type`, `deleted_at`, `created_at`, `updated_at`) VALUES (3, 11, '角色管理', NULL, NULL, 'N', 'setting_system_role', '/setting/system/role', 'view.setting_system_role', 'carbon:user-role', '[]', '', '1', NULL, '2024-08-21 07:32:24', '2024-08-21 07:32:24');
INSERT INTO `ops`.`system_menus` (`id`, `pid`, `title`, `sort`, `i18n_key`, `is_hide_menu`, `name`, `path`, `component`, `icon`, `com_id`, `permission`, `type`, `deleted_at`, `created_at`, `updated_at`) VALUES (4, 3, '添加', NULL, NULL, NULL, NULL, NULL, NULL, NULL, '[]', 'system.role.store', '2', NULL, '2024-08-21 07:29:06', '2024-08-21 07:29:06');
INSERT INTO `ops`.`system_menus` (`id`, `pid`, `title`, `sort`, `i18n_key`, `is_hide_menu`, `name`, `path`, `component`, `icon`, `com_id`, `permission`, `type`, `deleted_at`, `created_at`, `updated_at`) VALUES (5, 3, '修改', NULL, NULL, NULL, NULL, NULL, NULL, NULL, '[]', 'system.role.update', '2', NULL, '2024-08-21 07:30:30', '2024-08-21 07:30:30');
INSERT INTO `ops`.`system_menus` (`id`, `pid`, `title`, `sort`, `i18n_key`, `is_hide_menu`, `name`, `path`, `component`, `icon`, `com_id`, `permission`, `type`, `deleted_at`, `created_at`, `updated_at`) VALUES (6, 3, '删除', NULL, NULL, NULL, NULL, NULL, NULL, NULL, '[]', 'system.role.delete', '2', NULL, '2024-08-21 07:31:37', '2024-08-21 07:31:37');
INSERT INTO `ops`.`system_menus` (`id`, `pid`, `title`, `sort`, `i18n_key`, `is_hide_menu`, `name`, `path`, `component`, `icon`, `com_id`, `permission`, `type`, `deleted_at`, `created_at`, `updated_at`) VALUES (7, 11, '菜单管理', NULL, NULL, 'N', 'setting_system_menu', '/setting/system/menu', 'view.setting_system_menu', 'vaadin:menu', '[]', '', '1', NULL, '2024-08-21 07:36:51', '2024-08-21 07:36:51');
INSERT INTO `ops`.`system_menus` (`id`, `pid`, `title`, `sort`, `i18n_key`, `is_hide_menu`, `name`, `path`, `component`, `icon`, `com_id`, `permission`, `type`, `deleted_at`, `created_at`, `updated_at`) VALUES (8, 7, '添加', NULL, NULL, NULL, NULL, NULL, NULL, NULL, '[]', 'system.menu.store', '2', NULL, '2024-08-21 07:29:06', '2024-08-21 07:29:06');
INSERT INTO `ops`.`system_menus` (`id`, `pid`, `title`, `sort`, `i18n_key`, `is_hide_menu`, `name`, `path`, `component`, `icon`, `com_id`, `permission`, `type`, `deleted_at`, `created_at`, `updated_at`) VALUES (9, 7, '修改', NULL, NULL, NULL, NULL, NULL, NULL, NULL, '[]', 'system.menu.update', '2', NULL, '2024-08-21 07:30:30', '2024-08-21 07:30:30');
INSERT INTO `ops`.`system_menus` (`id`, `pid`, `title`, `sort`, `i18n_key`, `is_hide_menu`, `name`, `path`, `component`, `icon`, `com_id`, `permission`, `type`, `deleted_at`, `created_at`, `updated_at`) VALUES (10, 7, '删除', NULL, NULL, NULL, NULL, NULL, NULL, NULL, '[]', 'system.menu.delete', '2', NULL, '2024-08-21 07:31:37', '2024-08-21 07:31:37');
INSERT INTO `ops`.`system_menus` (`id`, `pid`, `title`, `sort`, `i18n_key`, `is_hide_menu`, `name`, `path`, `component`, `icon`, `com_id`, `permission`, `type`, `deleted_at`, `created_at`, `updated_at`) VALUES (11, 24, '管理权限', NULL, 'route.setting_system', 'N', 'setting_system', '/setting/system', 'view.setting_system', 'ic:baseline-manage-accounts', '[]', NULL, '1', NULL, '2024-08-21 07:22:49', '2024-10-23 21:19:02');
INSERT INTO `ops`.`system_menus` (`id`, `pid`, `title`, `sort`, `i18n_key`, `is_hide_menu`, `name`, `path`, `component`, `icon`, `com_id`, `permission`, `type`, `deleted_at`, `created_at`, `updated_at`) VALUES (12, 11, '用户管理', NULL, NULL, 'N', 'setting_system_admin', '/setting/system/admin', 'view.setting_system_admin', 'raphael:user', '[]', '', '1', NULL, '2024-08-21 07:28:16', '2024-08-21 07:28:16');
INSERT INTO `ops`.`system_menus` (`id`, `pid`, `title`, `sort`, `i18n_key`, `is_hide_menu`, `name`, `path`, `component`, `icon`, `com_id`, `permission`, `type`, `deleted_at`, `created_at`, `updated_at`) VALUES (13, 12, '添加', NULL, NULL, NULL, NULL, NULL, NULL, NULL, '[]', 'system.admin.store', '2', NULL, '2024-08-21 07:29:06', '2024-08-21 07:29:06');
INSERT INTO `ops`.`system_menus` (`id`, `pid`, `title`, `sort`, `i18n_key`, `is_hide_menu`, `name`, `path`, `component`, `icon`, `com_id`, `permission`, `type`, `deleted_at`, `created_at`, `updated_at`) VALUES (14, 12, '删除', NULL, NULL, NULL, NULL, NULL, NULL, NULL, '[]', 'system.admin.delete', '2', NULL, '2024-08-21 07:31:37', '2024-08-21 07:31:37');
INSERT INTO `ops`.`system_menus` (`id`, `pid`, `title`, `sort`, `i18n_key`, `is_hide_menu`, `name`, `path`, `component`, `icon`, `com_id`, `permission`, `type`, `deleted_at`, `created_at`, `updated_at`) VALUES (15, 12, '修改', NULL, NULL, NULL, NULL, NULL, NULL, NULL, '[]', 'system.admin.update', '2', NULL, '2024-08-21 07:30:30', '2024-08-21 07:30:30');
INSERT INTO `ops`.`system_menus` (`id`, `pid`, `title`, `sort`, `i18n_key`, `is_hide_menu`, `name`, `path`, `component`, `icon`, `com_id`, `permission`, `type`, `deleted_at`, `created_at`, `updated_at`) VALUES (16, 3, '列表', NULL, NULL, NULL, NULL, NULL, NULL, NULL, '[]', 'system.role.index', '2', NULL, '2024-08-21 07:30:30', '2024-08-21 07:30:30');
INSERT INTO `ops`.`system_menus` (`id`, `pid`, `title`, `sort`, `i18n_key`, `is_hide_menu`, `name`, `path`, `component`, `icon`, `com_id`, `permission`, `type`, `deleted_at`, `created_at`, `updated_at`) VALUES (17, 7, '列表', NULL, NULL, NULL, NULL, NULL, NULL, NULL, '[]', 'system.menu.index', '2', NULL, '2024-08-21 07:30:30', '2024-08-21 07:30:30');
INSERT INTO `ops`.`system_menus` (`id`, `pid`, `title`, `sort`, `i18n_key`, `is_hide_menu`, `name`, `path`, `component`, `icon`, `com_id`, `permission`, `type`, `deleted_at`, `created_at`, `updated_at`) VALUES (18, 12, '列表', NULL, NULL, NULL, NULL, NULL, NULL, NULL, '[]', 'system.admin.index', '2', NULL, '2024-08-21 07:30:30', '2024-08-21 07:30:30');
INSERT INTO `ops`.`system_menus` (`id`, `pid`, `title`, `sort`, `i18n_key`, `is_hide_menu`, `name`, `path`, `component`, `icon`, `com_id`, `permission`, `type`, `deleted_at`, `created_at`, `updated_at`) VALUES (19, 11, '主体管理', NULL, 'route.setting_system_company', 'N', 'setting_system_company', '/setting/system/company', 'view.setting_system_company', 'weui:photo-wall-filled', '[]', NULL, '1', NULL, '2024-08-21 07:28:16', '2024-10-30 20:00:47');
INSERT INTO `ops`.`system_menus` (`id`, `pid`, `title`, `sort`, `i18n_key`, `is_hide_menu`, `name`, `path`, `component`, `icon`, `com_id`, `permission`, `type`, `deleted_at`, `created_at`, `updated_at`) VALUES (20, 19, '添加', NULL, NULL, NULL, NULL, NULL, NULL, NULL, '[]', 'system.company.store', '2', NULL, '2024-08-21 07:29:06', '2024-08-21 07:29:06');
INSERT INTO `ops`.`system_menus` (`id`, `pid`, `title`, `sort`, `i18n_key`, `is_hide_menu`, `name`, `path`, `component`, `icon`, `com_id`, `permission`, `type`, `deleted_at`, `created_at`, `updated_at`) VALUES (21, 19, '删除', NULL, NULL, NULL, NULL, NULL, NULL, NULL, '[]', 'system.company.delete', '2', NULL, '2024-08-21 07:31:37', '2024-08-21 07:31:37');
INSERT INTO `ops`.`system_menus` (`id`, `pid`, `title`, `sort`, `i18n_key`, `is_hide_menu`, `name`, `path`, `component`, `icon`, `com_id`, `permission`, `type`, `deleted_at`, `created_at`, `updated_at`) VALUES (22, 19, '修改', NULL, NULL, NULL, NULL, NULL, NULL, NULL, '[]', 'system.company.update', '2', NULL, '2024-08-21 07:30:30', '2024-08-21 07:30:30');
INSERT INTO `ops`.`system_menus` (`id`, `pid`, `title`, `sort`, `i18n_key`, `is_hide_menu`, `name`, `path`, `component`, `icon`, `com_id`, `permission`, `type`, `deleted_at`, `created_at`, `updated_at`) VALUES (23, 19, '列表', NULL, NULL, NULL, NULL, NULL, NULL, NULL, '[]', 'system.company.index', '2', NULL, '2024-08-21 07:30:30', '2024-08-21 07:30:30');
INSERT INTO `ops`.`system_menus` (`id`, `pid`, `title`, `sort`, `i18n_key`, `is_hide_menu`, `name`, `path`, `component`, `icon`, `com_id`, `permission`, `type`, `deleted_at`, `created_at`, `updated_at`) VALUES (24, 0, '系统设置', NULL, 'route.setting', 'N', 'setting', '/setting', 'view.setting', 'ant-design:setting-filled', '[]', NULL, '1', NULL, '2024-08-21 07:30:30', '2024-10-30 17:02:47');
INSERT INTO `ops`.`system_menus` (`id`, `pid`, `title`, `sort`, `i18n_key`, `is_hide_menu`, `name`, `path`, `component`, `icon`, `com_id`, `permission`, `type`, `deleted_at`, `created_at`, `updated_at`) VALUES (25, 0, '财务中心', NULL, 'route.finance', 'N', 'finance', '/finance', 'view.finance', 'carbon:finance', '[]', NULL, '1', NULL, '2024-10-24 11:13:07', '2024-10-24 11:13:07');
INSERT INTO `ops`.`system_menus` (`id`, `pid`, `title`, `sort`, `i18n_key`, `is_hide_menu`, `name`, `path`, `component`, `icon`, `com_id`, `permission`, `type`, `deleted_at`, `created_at`, `updated_at`) VALUES (26, 25, '基础资料', NULL, 'route.finance_basic-data', 'N', 'finance_basic-data', '/finance/basic-data', 'view.finance_basic-data', 'fluent:data-usage-edit-20-filled', '[]', NULL, '1', NULL, '2024-10-24 11:19:00', '2024-10-24 11:19:00');
INSERT INTO `ops`.`system_menus` (`id`, `pid`, `title`, `sort`, `i18n_key`, `is_hide_menu`, `name`, `path`, `component`, `icon`, `com_id`, `permission`, `type`, `deleted_at`, `created_at`, `updated_at`) VALUES (27, 26, '会计科目', NULL, 'route.finance_basic-data_subject', 'N', 'finance_basic-data_subject', '/finance/basic-data/subject', 'view.finance_basic-data_subject', 'carbon:account', '[]', NULL, '1', NULL, '2024-10-24 11:30:38', '2024-10-24 11:45:22');
INSERT INTO `ops`.`system_menus` (`id`, `pid`, `title`, `sort`, `i18n_key`, `is_hide_menu`, `name`, `path`, `component`, `icon`, `com_id`, `permission`, `type`, `deleted_at`, `created_at`, `updated_at`) VALUES (28, 0, '仓储中心', NULL, 'route.warehouse', 'N', 'warehouse', '/warehouse', 'view.warehouse', 'streamline:warehouse-1-solid', '[2, 1]', NULL, '1', NULL, '2024-10-24 15:55:48', '2024-10-24 17:06:27');
INSERT INTO `ops`.`system_menus` (`id`, `pid`, `title`, `sort`, `i18n_key`, `is_hide_menu`, `name`, `path`, `component`, `icon`, `com_id`, `permission`, `type`, `deleted_at`, `created_at`, `updated_at`) VALUES (29, 0, '业务中心', NULL, 'route.business', 'N', 'business', '/business', 'view.business', 'mdi:business-outline', '[2, 3, 1]', NULL, '1', NULL, '2024-10-24 15:57:32', '2024-10-24 15:57:32');
INSERT INTO `ops`.`system_menus` (`id`, `pid`, `title`, `sort`, `i18n_key`, `is_hide_menu`, `name`, `path`, `component`, `icon`, `com_id`, `permission`, `type`, `deleted_at`, `created_at`, `updated_at`) VALUES (30, 28, '资料', NULL, 'route.warehouse_data', 'N', 'warehouse_data', '/warehouse/data', 'view.warehouse_data', 'icon-park-twotone:data-lock', '[1, 2, 3]', NULL, '1', NULL, '2024-10-24 16:17:08', '2024-10-24 17:06:46');
INSERT INTO `ops`.`system_menus` (`id`, `pid`, `title`, `sort`, `i18n_key`, `is_hide_menu`, `name`, `path`, `component`, `icon`, `com_id`, `permission`, `type`, `deleted_at`, `created_at`, `updated_at`) VALUES (31, 30, '物料', NULL, 'route.warehouse_data_material', 'N', 'warehouse_data_material', '/warehouse/data/material', 'view.warehouse_data_material', 'fluent-mdl2:product-list', '[2, 3, 1]', NULL, '1', NULL, '2024-10-24 16:17:46', '2024-10-24 17:06:56');
INSERT INTO `ops`.`system_menus` (`id`, `pid`, `title`, `sort`, `i18n_key`, `is_hide_menu`, `name`, `path`, `component`, `icon`, `com_id`, `permission`, `type`, `deleted_at`, `created_at`, `updated_at`) VALUES (32, 30, '仓库', NULL, 'route.warehouse_data_warehouse', 'N', 'warehouse_data_warehouse', '/warehouse/data/warehouse', 'view.warehouse_data_warehouse', 'ph:warehouse-bold', '[1]', NULL, '1', NULL, '2024-10-24 16:19:18', '2024-10-24 17:07:00');
INSERT INTO `ops`.`system_menus` (`id`, `pid`, `title`, `sort`, `i18n_key`, `is_hide_menu`, `name`, `path`, `component`, `icon`, `com_id`, `permission`, `type`, `deleted_at`, `created_at`, `updated_at`) VALUES (33, 29, '业务单据', NULL, 'route.business_orders', 'N', 'business_orders', '/business/orders', 'view.business_orders', 'lets-icons:order', '[1, 2]', NULL, '1', NULL, '2024-10-24 16:21:17', '2024-10-24 16:21:17');
INSERT INTO `ops`.`system_menus` (`id`, `pid`, `title`, `sort`, `i18n_key`, `is_hide_menu`, `name`, `path`, `component`, `icon`, `com_id`, `permission`, `type`, `deleted_at`, `created_at`, `updated_at`) VALUES (34, 33, '海运出口', NULL, 'route.business_orders_sea-export', 'N', 'business_orders_sea-export', '/business/orders/sea-export', 'view.business_orders_sea-export', 'hugeicons:boat', '[1, 2, 3]', NULL, '1', NULL, '2024-10-24 16:24:57', '2024-10-24 16:24:57');
INSERT INTO `ops`.`system_menus` (`id`, `pid`, `title`, `sort`, `i18n_key`, `is_hide_menu`, `name`, `path`, `component`, `icon`, `com_id`, `permission`, `type`, `deleted_at`, `created_at`, `updated_at`) VALUES (35, 33, '海运进口', NULL, 'route.business_orders_sea-import', 'N', 'business_orders_sea-import', '/business/orders/sea-import', 'view.business_orders_sea-import', 'hugeicons:ferry-boat', '[1, 2]', NULL, '1', NULL, '2024-10-24 16:25:51', '2024-10-24 16:25:51');
INSERT INTO `ops`.`system_menus` (`id`, `pid`, `title`, `sort`, `i18n_key`, `is_hide_menu`, `name`, `path`, `component`, `icon`, `com_id`, `permission`, `type`, `deleted_at`, `created_at`, `updated_at`) VALUES (36, 37, '付款单', NULL, 'route.warehouse_payment-order', 'N', 'warehouse_payment-order', '/warehouse/payment-order', 'view.warehouse_payment-order', 'fluent:payment-16-regular', '[]', NULL, '1', NULL, '2024-10-24 16:36:22', '2024-10-24 16:39:33');
INSERT INTO `ops`.`system_menus` (`id`, `pid`, `title`, `sort`, `i18n_key`, `is_hide_menu`, `name`, `path`, `component`, `icon`, `com_id`, `permission`, `type`, `deleted_at`, `created_at`, `updated_at`) VALUES (37, 28, '资金', NULL, 'route.warehouse_funds', 'N', 'warehouse_funds', '/warehouse/funds', 'view.warehouse_funds', 'icon-park-outline:funds', '[]', NULL, '1', NULL, '2024-10-24 16:39:22', '2024-10-24 16:39:22');
INSERT INTO `ops`.`system_menus` (`id`, `pid`, `title`, `sort`, `i18n_key`, `is_hide_menu`, `name`, `path`, `component`, `icon`, `com_id`, `permission`, `type`, `deleted_at`, `created_at`, `updated_at`) VALUES (38, 37, '收款单', NULL, 'route.warehouse_funds_receiving-order', 'N', 'warehouse_funds_receiving-order', '/warehouse/funds/receiving-order', 'view.warehouse_funds_receiving-order', 'ant-design:money-collect-outlined', '[1, 2]', NULL, '1', NULL, '2024-10-24 16:41:03', '2024-10-24 16:43:36');
INSERT INTO `ops`.`system_menus` (`id`, `pid`, `title`, `sort`, `i18n_key`, `is_hide_menu`, `name`, `path`, `component`, `icon`, `com_id`, `permission`, `type`, `deleted_at`, `created_at`, `updated_at`) VALUES (39, 3, '分配权限', NULL, NULL, NULL, NULL, NULL, NULL, NULL, '[]', 'system.role.assign-permission', '2', NULL, '2024-10-25 17:27:26', '2024-10-25 17:27:26');
INSERT INTO `ops`.`system_menus` (`id`, `pid`, `title`, `sort`, `i18n_key`, `is_hide_menu`, `name`, `path`, `component`, `icon`, `com_id`, `permission`, `type`, `deleted_at`, `created_at`, `updated_at`) VALUES (40, 3, '获取所有角色', NULL, NULL, NULL, NULL, NULL, NULL, NULL, '[]', 'system.role.get-roles', '2', NULL, '2024-10-25 17:31:22', '2024-10-25 17:31:22');
INSERT INTO `ops`.`system_menus` (`id`, `pid`, `title`, `sort`, `i18n_key`, `is_hide_menu`, `name`, `path`, `component`, `icon`, `com_id`, `permission`, `type`, `deleted_at`, `created_at`, `updated_at`) VALUES (41, 7, '获取所有菜单和权限', NULL, NULL, NULL, NULL, NULL, NULL, NULL, '[]', 'system.role.get-menus-and-permissions', '2', NULL, '2024-10-25 17:32:24', '2024-10-25 17:32:24');
INSERT INTO `ops`.`system_menus` (`id`, `pid`, `title`, `sort`, `i18n_key`, `is_hide_menu`, `name`, `path`, `component`, `icon`, `com_id`, `permission`, `type`, `deleted_at`, `created_at`, `updated_at`) VALUES (42, 7, '获取所有菜单', NULL, NULL, NULL, NULL, NULL, NULL, NULL, '[]', 'system.role.get-all-menus', '2', NULL, '2024-10-25 17:34:42', '2024-10-25 17:34:42');
INSERT INTO `ops`.`system_menus` (`id`, `pid`, `title`, `sort`, `i18n_key`, `is_hide_menu`, `name`, `path`, `component`, `icon`, `com_id`, `permission`, `type`, `deleted_at`, `created_at`, `updated_at`) VALUES (43, 19, '获取所有主体', NULL, 'route.setting_system_company', NULL, NULL, NULL, NULL, NULL, '[]', 'system.role.get-all-companies', '2', NULL, '2024-10-25 17:38:40', '2024-10-25 17:38:40');
INSERT INTO `ops`.`system_menus` (`id`, `pid`, `title`, `sort`, `i18n_key`, `is_hide_menu`, `name`, `path`, `component`, `icon`, `com_id`, `permission`, `type`, `deleted_at`, `created_at`, `updated_at`) VALUES (45, 24, '工具', NULL, 'route.setting_tool', 'N', 'setting_tool', '/setting/tool', 'view.setting_tool', 'ant-design:tool-twotone', '[]', NULL, '1', NULL, '2024-10-30 19:14:36', '2024-10-30 19:14:36');
INSERT INTO `ops`.`system_menus` (`id`, `pid`, `title`, `sort`, `i18n_key`, `is_hide_menu`, `name`, `path`, `component`, `icon`, `com_id`, `permission`, `type`, `deleted_at`, `created_at`, `updated_at`) VALUES (46, 45, '代码生成', NULL, 'route.setting_tool_generate-record', 'N', 'setting_tool_generate-record', '/setting/tool/generate-record', 'view.setting_tool_generate-record', 'ant-design:file-add-outlined', '[]', NULL, '1', NULL, '2024-10-30 19:16:17', '2024-10-30 19:19:36');
INSERT INTO `ops`.`system_menus` (`id`, `pid`, `title`, `sort`, `i18n_key`, `is_hide_menu`, `name`, `path`, `component`, `icon`, `com_id`, `permission`, `type`, `deleted_at`, `created_at`, `updated_at`) VALUES (48, 26, '币种管理', NULL, 'route.finance_basic-data_currency', 'N', 'finance_basic-data_currency', '/finance/basic-data/currency', 'view.finance_basic-data_currency', 'heroicons:document-currency-yen-solid', '[]', NULL, '1', NULL, '2024-10-30 20:01:58', '2024-10-30 20:01:58');
INSERT INTO `ops`.`system_menus` (`id`, `pid`, `title`, `sort`, `i18n_key`, `is_hide_menu`, `name`, `path`, `component`, `icon`, `com_id`, `permission`, `type`, `deleted_at`, `created_at`, `updated_at`) VALUES (49, 26, '费用项目', NULL, 'route.finance_basic-data_cost-item', 'N', 'finance_basic-data_cost-item', '/finance/basic-data/cost-item', 'view.finance_basic-data_cost-item', 'ant-design:account-book-filled', '[]', NULL, '1', NULL, '2024-10-30 20:03:26', '2024-10-30 20:03:26');

-- ----------------------------
-- Records of system_admin_roles
-- ----------------------------
INSERT INTO `ops`.`system_admin_roles` (`admin_id`, `role_id`) VALUES (2, 2);
INSERT INTO `ops`.`system_admin_roles` (`admin_id`, `role_id`) VALUES (2, 3);
INSERT INTO `ops`.`system_admin_roles` (`admin_id`, `role_id`) VALUES (3, 3);
INSERT INTO `ops`.`system_admin_roles` (`admin_id`, `role_id`) VALUES (3, 5);
INSERT INTO `ops`.`system_admin_roles` (`admin_id`, `role_id`) VALUES (4, 2);
INSERT INTO `ops`.`system_admin_roles` (`admin_id`, `role_id`) VALUES (5, 3);
INSERT INTO `ops`.`system_admin_roles` (`admin_id`, `role_id`) VALUES (6, 4);
INSERT INTO `ops`.`system_admin_roles` (`admin_id`, `role_id`) VALUES (7, 2);
INSERT INTO `ops`.`system_admin_roles` (`admin_id`, `role_id`) VALUES (9, 3);
INSERT INTO `ops`.`system_admin_roles` (`admin_id`, `role_id`) VALUES (9, 4);
INSERT INTO `ops`.`system_admin_roles` (`admin_id`, `role_id`) VALUES (13, 5);

-- ----------------------------
-- Records of system_role_menus
-- ----------------------------
INSERT INTO `ops`.`system_role_menus` (`role_id`, `menu_id`) VALUES (2, 1);
INSERT INTO `ops`.`system_role_menus` (`role_id`, `menu_id`) VALUES (2, 2);
INSERT INTO `ops`.`system_role_menus` (`role_id`, `menu_id`) VALUES (2, 3);
INSERT INTO `ops`.`system_role_menus` (`role_id`, `menu_id`) VALUES (2, 4);
INSERT INTO `ops`.`system_role_menus` (`role_id`, `menu_id`) VALUES (2, 5);
INSERT INTO `ops`.`system_role_menus` (`role_id`, `menu_id`) VALUES (2, 6);
INSERT INTO `ops`.`system_role_menus` (`role_id`, `menu_id`) VALUES (2, 7);
INSERT INTO `ops`.`system_role_menus` (`role_id`, `menu_id`) VALUES (2, 8);
INSERT INTO `ops`.`system_role_menus` (`role_id`, `menu_id`) VALUES (2, 9);
INSERT INTO `ops`.`system_role_menus` (`role_id`, `menu_id`) VALUES (2, 10);
INSERT INTO `ops`.`system_role_menus` (`role_id`, `menu_id`) VALUES (2, 11);
INSERT INTO `ops`.`system_role_menus` (`role_id`, `menu_id`) VALUES (2, 12);
INSERT INTO `ops`.`system_role_menus` (`role_id`, `menu_id`) VALUES (2, 13);
INSERT INTO `ops`.`system_role_menus` (`role_id`, `menu_id`) VALUES (2, 14);
INSERT INTO `ops`.`system_role_menus` (`role_id`, `menu_id`) VALUES (2, 15);
INSERT INTO `ops`.`system_role_menus` (`role_id`, `menu_id`) VALUES (2, 16);
INSERT INTO `ops`.`system_role_menus` (`role_id`, `menu_id`) VALUES (2, 17);
INSERT INTO `ops`.`system_role_menus` (`role_id`, `menu_id`) VALUES (2, 18);
INSERT INTO `ops`.`system_role_menus` (`role_id`, `menu_id`) VALUES (2, 19);
INSERT INTO `ops`.`system_role_menus` (`role_id`, `menu_id`) VALUES (2, 20);
INSERT INTO `ops`.`system_role_menus` (`role_id`, `menu_id`) VALUES (2, 21);
INSERT INTO `ops`.`system_role_menus` (`role_id`, `menu_id`) VALUES (2, 22);
INSERT INTO `ops`.`system_role_menus` (`role_id`, `menu_id`) VALUES (2, 23);
INSERT INTO `ops`.`system_role_menus` (`role_id`, `menu_id`) VALUES (2, 24);
INSERT INTO `ops`.`system_role_menus` (`role_id`, `menu_id`) VALUES (1, 1);
INSERT INTO `ops`.`system_role_menus` (`role_id`, `menu_id`) VALUES (1, 2);
INSERT INTO `ops`.`system_role_menus` (`role_id`, `menu_id`) VALUES (1, 24);
INSERT INTO `ops`.`system_role_menus` (`role_id`, `menu_id`) VALUES (1, 11);
INSERT INTO `ops`.`system_role_menus` (`role_id`, `menu_id`) VALUES (1, 3);
INSERT INTO `ops`.`system_role_menus` (`role_id`, `menu_id`) VALUES (1, 4);
INSERT INTO `ops`.`system_role_menus` (`role_id`, `menu_id`) VALUES (1, 5);
INSERT INTO `ops`.`system_role_menus` (`role_id`, `menu_id`) VALUES (1, 6);
INSERT INTO `ops`.`system_role_menus` (`role_id`, `menu_id`) VALUES (1, 16);
INSERT INTO `ops`.`system_role_menus` (`role_id`, `menu_id`) VALUES (1, 7);
INSERT INTO `ops`.`system_role_menus` (`role_id`, `menu_id`) VALUES (1, 8);
INSERT INTO `ops`.`system_role_menus` (`role_id`, `menu_id`) VALUES (1, 9);
INSERT INTO `ops`.`system_role_menus` (`role_id`, `menu_id`) VALUES (1, 10);
INSERT INTO `ops`.`system_role_menus` (`role_id`, `menu_id`) VALUES (1, 17);
INSERT INTO `ops`.`system_role_menus` (`role_id`, `menu_id`) VALUES (1, 12);
INSERT INTO `ops`.`system_role_menus` (`role_id`, `menu_id`) VALUES (1, 13);
INSERT INTO `ops`.`system_role_menus` (`role_id`, `menu_id`) VALUES (1, 14);
INSERT INTO `ops`.`system_role_menus` (`role_id`, `menu_id`) VALUES (1, 15);
INSERT INTO `ops`.`system_role_menus` (`role_id`, `menu_id`) VALUES (1, 18);
INSERT INTO `ops`.`system_role_menus` (`role_id`, `menu_id`) VALUES (1, 19);
INSERT INTO `ops`.`system_role_menus` (`role_id`, `menu_id`) VALUES (1, 20);
INSERT INTO `ops`.`system_role_menus` (`role_id`, `menu_id`) VALUES (1, 21);
INSERT INTO `ops`.`system_role_menus` (`role_id`, `menu_id`) VALUES (1, 22);
INSERT INTO `ops`.`system_role_menus` (`role_id`, `menu_id`) VALUES (1, 23);
INSERT INTO `ops`.`system_role_menus` (`role_id`, `menu_id`) VALUES (1, 25);
INSERT INTO `ops`.`system_role_menus` (`role_id`, `menu_id`) VALUES (1, 26);
INSERT INTO `ops`.`system_role_menus` (`role_id`, `menu_id`) VALUES (1, 27);
INSERT INTO `ops`.`system_role_menus` (`role_id`, `menu_id`) VALUES (1, 28);
INSERT INTO `ops`.`system_role_menus` (`role_id`, `menu_id`) VALUES (1, 30);
INSERT INTO `ops`.`system_role_menus` (`role_id`, `menu_id`) VALUES (1, 31);
INSERT INTO `ops`.`system_role_menus` (`role_id`, `menu_id`) VALUES (1, 32);
INSERT INTO `ops`.`system_role_menus` (`role_id`, `menu_id`) VALUES (1, 37);
INSERT INTO `ops`.`system_role_menus` (`role_id`, `menu_id`) VALUES (1, 36);
INSERT INTO `ops`.`system_role_menus` (`role_id`, `menu_id`) VALUES (1, 38);
INSERT INTO `ops`.`system_role_menus` (`role_id`, `menu_id`) VALUES (1, 29);
INSERT INTO `ops`.`system_role_menus` (`role_id`, `menu_id`) VALUES (1, 33);
INSERT INTO `ops`.`system_role_menus` (`role_id`, `menu_id`) VALUES (1, 34);
INSERT INTO `ops`.`system_role_menus` (`role_id`, `menu_id`) VALUES (1, 35);
INSERT INTO `ops`.`system_role_menus` (`role_id`, `menu_id`) VALUES (3, 2);
INSERT INTO `ops`.`system_role_menus` (`role_id`, `menu_id`) VALUES (3, 1);
INSERT INTO `ops`.`system_role_menus` (`role_id`, `menu_id`) VALUES (4, 2);
INSERT INTO `ops`.`system_role_menus` (`role_id`, `menu_id`) VALUES (4, 1);
INSERT INTO `ops`.`system_role_menus` (`role_id`, `menu_id`) VALUES (5, 24);
INSERT INTO `ops`.`system_role_menus` (`role_id`, `menu_id`) VALUES (5, 11);
INSERT INTO `ops`.`system_role_menus` (`role_id`, `menu_id`) VALUES (5, 3);
INSERT INTO `ops`.`system_role_menus` (`role_id`, `menu_id`) VALUES (5, 7);
INSERT INTO `ops`.`system_role_menus` (`role_id`, `menu_id`) VALUES (5, 8);
INSERT INTO `ops`.`system_role_menus` (`role_id`, `menu_id`) VALUES (5, 9);
INSERT INTO `ops`.`system_role_menus` (`role_id`, `menu_id`) VALUES (5, 10);
INSERT INTO `ops`.`system_role_menus` (`role_id`, `menu_id`) VALUES (5, 17);
INSERT INTO `ops`.`system_role_menus` (`role_id`, `menu_id`) VALUES (5, 12);
INSERT INTO `ops`.`system_role_menus` (`role_id`, `menu_id`) VALUES (5, 19);
INSERT INTO `ops`.`system_role_menus` (`role_id`, `menu_id`) VALUES (5, 1);
INSERT INTO `ops`.`system_role_menus` (`role_id`, `menu_id`) VALUES (5, 2);
INSERT INTO `ops`.`system_role_menus` (`role_id`, `menu_id`) VALUES (3, 25);
INSERT INTO `ops`.`system_role_menus` (`role_id`, `menu_id`) VALUES (3, 26);
INSERT INTO `ops`.`system_role_menus` (`role_id`, `menu_id`) VALUES (3, 27);
INSERT INTO `ops`.`system_role_menus` (`role_id`, `menu_id`) VALUES (4, 29);
INSERT INTO `ops`.`system_role_menus` (`role_id`, `menu_id`) VALUES (5, 41);
INSERT INTO `ops`.`system_role_menus` (`role_id`, `menu_id`) VALUES (4, 33);
INSERT INTO `ops`.`system_role_menus` (`role_id`, `menu_id`) VALUES (4, 34);
INSERT INTO `ops`.`system_role_menus` (`role_id`, `menu_id`) VALUES (4, 35);
INSERT INTO `ops`.`system_role_menus` (`role_id`, `menu_id`) VALUES (4, 4);
INSERT INTO `ops`.`system_role_menus` (`role_id`, `menu_id`) VALUES (4, 5);
INSERT INTO `ops`.`system_role_menus` (`role_id`, `menu_id`) VALUES (4, 6);
INSERT INTO `ops`.`system_role_menus` (`role_id`, `menu_id`) VALUES (4, 16);
INSERT INTO `ops`.`system_role_menus` (`role_id`, `menu_id`) VALUES (4, 39);


-- ----------------------------
-- Records of system_companies
-- ----------------------------
INSERT INTO `ops`.`system_companies` (`id`, `name`, `is_default`, `abb`, `created_at`, `updated_at`) VALUES (1, '深圳市瑞秋国际物流有限公司', 'Y', '瑞秋物流', '2024-10-24 21:01:42', '2024-10-24 21:07:49');
INSERT INTO `ops`.`system_companies` (`id`, `name`, `is_default`, `abb`, `created_at`, `updated_at`) VALUES (2, '深圳市佰亿龙供应链管理有限公司', 'N', '佰亿龙', '2024-10-24 21:08:10', '2024-10-24 21:08:10');
INSERT INTO `ops`.`system_companies` (`id`, `name`, `is_default`, `abb`, `created_at`, `updated_at`) VALUES (3, '深圳市芯仓科技有限公司', 'N', '芯仓科技', '2024-10-24 21:08:30', '2024-10-24 21:08:30');


-- ----------------------------
-- Records of system_admin_companies
-- ----------------------------
INSERT INTO `ops`.`system_admin_companies` (`admin_id`, `company_id`) VALUES (3, 2);
INSERT INTO `ops`.`system_admin_companies` (`admin_id`, `company_id`) VALUES (3, 1);
INSERT INTO `ops`.`system_admin_companies` (`admin_id`, `company_id`) VALUES (4, 1);
INSERT INTO `ops`.`system_admin_companies` (`admin_id`, `company_id`) VALUES (4, 2);
INSERT INTO `ops`.`system_admin_companies` (`admin_id`, `company_id`) VALUES (4, 3);
INSERT INTO `ops`.`system_admin_companies` (`admin_id`, `company_id`) VALUES (5, 1);
INSERT INTO `ops`.`system_admin_companies` (`admin_id`, `company_id`) VALUES (6, 2);
INSERT INTO `ops`.`system_admin_companies` (`admin_id`, `company_id`) VALUES (7, 3);
INSERT INTO `ops`.`system_admin_companies` (`admin_id`, `company_id`) VALUES (9, 1);
INSERT INTO `ops`.`system_admin_companies` (`admin_id`, `company_id`) VALUES (9, 2);

INSERT INTO `ops`.`generate_records` (`id`, `table_name`, `controller`, `logic`, `add_request`, `update_request`, `index_vue`, `api_type`, `search_form`, `operate_drawer`, `lang_zh`, `service_api`, `created_at`, `updated_at`) VALUES (11, 'generate_records', '\\app\\Http\\Controllers\\Tool\\GenerateRecordController.php', '\\app\\Logics\\Tool\\GenerateRecordLogic.php', '\\app\\Http\\Requests\\Tool\\GenerateRecord\\AddRequest.php', '\\app\\Http\\Requests\\Tool\\GenerateRecord\\UpdateRequest.php', '/template/ops-admin/src/views/setting/tool/generate-record/index.vue', '/template/ops-admin/src/typings/tool.d.ts', '/template/ops-admin/src/views/setting/tool/generate-record/modules/search-form.vue', '/template/ops-admin/src/views/setting/tool/generate-record/modules/operate-drawer.vue', '/template/ops-admin/src/locales/langs/zh/tool.ts', '/template/ops-admin/src/service/api/tool/generate_record.ts', '2024-10-30 19:43:09', '2024-10-30 19:43:09');
INSERT INTO `ops`.`generate_records` (`id`, `table_name`, `controller`, `logic`, `add_request`, `update_request`, `index_vue`, `api_type`, `search_form`, `operate_drawer`, `lang_zh`, `service_api`, `created_at`, `updated_at`) VALUES (13, 'fin_cost_items', '\\app\\Http\\Controllers\\Finance\\CostItemController.php', '\\app\\Logics\\Finance\\CostItemLogic.php', '\\app\\Http\\Requests\\Finance\\CostItem\\AddRequest.php', '\\app\\Http\\Requests\\Finance\\CostItem\\UpdateRequest.php', '/template/ops-admin/src/views/finance/basic-data/cost-item/index.vue', '/template/ops-admin/src/typings/finance.d.ts', '/template/ops-admin/src/views/finance/basic-data/cost-item/modules/search-form.vue', '/template/ops-admin/src/views/finance/basic-data/cost-item/modules/operate-drawer.vue', '/template/ops-admin/src/locales/langs/zh/finance.ts', '/template/ops-admin/src/service/api/finance/cost_item.ts', '2024-10-30 19:55:32', '2024-10-30 19:55:32');


INSERT INTO `ops`.`fin_account_subjects` (`id`, `pid`, `level`, `code`, `abb`, `cn_name`, `en_name`, `type`, `format`, `currency`, `com_id`, `is_foreign`, `is_dn`, `is_frozen`, `is_last`, `is_cash`, `balance`, `foreign_balance`, `opening_balance`, `opening_foreign_balance`, `year_opening_balance`, `year_opening_foreign_balance`, `vendor_required`, `clerk_required`, `team_required`, `branch_required`, `created_at`, `updated_at`) VALUES (1, 0, '1', '1001', '1001', '库存现金', 'cash on hand', 'asset', 'amount', 'CNY', 1, 'N', 'Y', 'N', 'N', 'Y', 0.00, 0.00, 0.00, 0.00, 0.00, 0.00, 'Y', 'N', 'N', 'Y', '2024-11-01 23:48:22', '2024-11-01 23:48:22');
INSERT INTO `ops`.`fin_account_subjects` (`id`, `pid`, `level`, `code`, `abb`, `cn_name`, `en_name`, `type`, `format`, `currency`, `com_id`, `is_foreign`, `is_dn`, `is_frozen`, `is_last`, `is_cash`, `balance`, `foreign_balance`, `opening_balance`, `opening_foreign_balance`, `year_opening_balance`, `year_opening_foreign_balance`, `vendor_required`, `clerk_required`, `team_required`, `branch_required`, `created_at`, `updated_at`) VALUES (2, 0, '1', '1002', '1002', '银行存款', 'bank deposit', 'asset', 'amount', 'CNY', 1, 'N', 'Y', 'N', 'N', 'Y', 0.00, 0.00, 0.00, 0.00, 0.00, 0.00, 'N', 'N', 'N', 'N', '2024-11-01 23:48:22', '2024-11-01 23:48:22');
INSERT INTO `ops`.`fin_account_subjects` (`id`, `pid`, `level`, `code`, `abb`, `cn_name`, `en_name`, `type`, `format`, `currency`, `com_id`, `is_foreign`, `is_dn`, `is_frozen`, `is_last`, `is_cash`, `balance`, `foreign_balance`, `opening_balance`, `opening_foreign_balance`, `year_opening_balance`, `year_opening_foreign_balance`, `vendor_required`, `clerk_required`, `team_required`, `branch_required`, `created_at`, `updated_at`) VALUES (3, 0, '1', '1015', '1015', '其他货币资金', 'other monetary capital', 'asset', 'amount', 'CNY', 1, 'N', 'Y', 'N', 'Y', 'N', 0.00, 0.00, 0.00, 0.00, 0.00, 0.00, 'N', 'N', 'N', 'N', '2024-11-01 23:48:22', '2024-11-01 23:48:22');
INSERT INTO `ops`.`fin_account_subjects` (`id`, `pid`, `level`, `code`, `abb`, `cn_name`, `en_name`, `type`, `format`, `currency`, `com_id`, `is_foreign`, `is_dn`, `is_frozen`, `is_last`, `is_cash`, `balance`, `foreign_balance`, `opening_balance`, `opening_foreign_balance`, `year_opening_balance`, `year_opening_foreign_balance`, `vendor_required`, `clerk_required`, `team_required`, `branch_required`, `created_at`, `updated_at`) VALUES (4, 0, '1', '1101', '1101', '交易性金融资产', 'transaction monetary assets', 'asset', 'amount', 'CNY', 1, 'N', 'Y', 'N', 'N', 'N', 0.00, 0.00, 0.00, 0.00, 0.00, 0.00, 'N', 'N', 'N', 'N', '2024-11-01 23:48:22', '2024-11-01 23:48:22');
INSERT INTO `ops`.`fin_account_subjects` (`id`, `pid`, `level`, `code`, `abb`, `cn_name`, `en_name`, `type`, `format`, `currency`, `com_id`, `is_foreign`, `is_dn`, `is_frozen`, `is_last`, `is_cash`, `balance`, `foreign_balance`, `opening_balance`, `opening_foreign_balance`, `year_opening_balance`, `year_opening_foreign_balance`, `vendor_required`, `clerk_required`, `team_required`, `branch_required`, `created_at`, `updated_at`) VALUES (5, 0, '1', '1121', '1121', '应收票据', 'notes receivable', 'asset', 'amount', 'CNY', 1, 'N', 'Y', 'N', 'Y', 'N', 0.00, 0.00, 0.00, 0.00, 0.00, 0.00, 'N', 'N', 'N', 'N', '2024-11-01 23:48:22', '2024-11-01 23:48:22');
INSERT INTO `ops`.`fin_account_subjects` (`id`, `pid`, `level`, `code`, `abb`, `cn_name`, `en_name`, `type`, `format`, `currency`, `com_id`, `is_foreign`, `is_dn`, `is_frozen`, `is_last`, `is_cash`, `balance`, `foreign_balance`, `opening_balance`, `opening_foreign_balance`, `year_opening_balance`, `year_opening_foreign_balance`, `vendor_required`, `clerk_required`, `team_required`, `branch_required`, `created_at`, `updated_at`) VALUES (6, 0, '1', '1122', '1122', '应收账款', 'account receivable', 'asset', 'amount', 'CNY', 1, 'N', 'Y', 'N', 'N', 'N', 0.00, 0.00, 0.00, 0.00, 0.00, 0.00, 'Y', 'N', 'N', 'N', '2024-11-01 23:48:22', '2024-11-01 23:48:22');
INSERT INTO `ops`.`fin_account_subjects` (`id`, `pid`, `level`, `code`, `abb`, `cn_name`, `en_name`, `type`, `format`, `currency`, `com_id`, `is_foreign`, `is_dn`, `is_frozen`, `is_last`, `is_cash`, `balance`, `foreign_balance`, `opening_balance`, `opening_foreign_balance`, `year_opening_balance`, `year_opening_foreign_balance`, `vendor_required`, `clerk_required`, `team_required`, `branch_required`, `created_at`, `updated_at`) VALUES (7, 0, '1', '1123', '1123', '预付账款', 'account prepaid', 'asset', 'amount', 'CNY', 1, 'N', 'Y', 'N', 'N', 'N', 0.00, 0.00, 0.00, 0.00, 0.00, 0.00, 'Y', 'N', 'N', 'N', '2024-11-01 23:48:22', '2024-11-01 23:48:22');
INSERT INTO `ops`.`fin_account_subjects` (`id`, `pid`, `level`, `code`, `abb`, `cn_name`, `en_name`, `type`, `format`, `currency`, `com_id`, `is_foreign`, `is_dn`, `is_frozen`, `is_last`, `is_cash`, `balance`, `foreign_balance`, `opening_balance`, `opening_foreign_balance`, `year_opening_balance`, `year_opening_foreign_balance`, `vendor_required`, `clerk_required`, `team_required`, `branch_required`, `created_at`, `updated_at`) VALUES (8, 0, '1', '1131', '1131', '应收股利', 'dividend receivable', 'asset', 'amount', 'CNY', 1, 'N', 'Y', 'N', 'Y', 'N', 0.00, 0.00, 0.00, 0.00, 0.00, 0.00, 'N', 'N', 'N', 'N', '2024-11-01 23:48:22', '2024-11-01 23:48:22');
INSERT INTO `ops`.`fin_account_subjects` (`id`, `pid`, `level`, `code`, `abb`, `cn_name`, `en_name`, `type`, `format`, `currency`, `com_id`, `is_foreign`, `is_dn`, `is_frozen`, `is_last`, `is_cash`, `balance`, `foreign_balance`, `opening_balance`, `opening_foreign_balance`, `year_opening_balance`, `year_opening_foreign_balance`, `vendor_required`, `clerk_required`, `team_required`, `branch_required`, `created_at`, `updated_at`) VALUES (9, 0, '1', '1132', '1132', '应收利息', 'accrued interest receivable', 'asset', 'amount', 'CNY', 1, 'N', 'Y', 'N', 'Y', 'N', 0.00, 0.00, 0.00, 0.00, 0.00, 0.00, 'N', 'N', 'N', 'N', '2024-11-01 23:48:22', '2024-11-01 23:48:22');
INSERT INTO `ops`.`fin_account_subjects` (`id`, `pid`, `level`, `code`, `abb`, `cn_name`, `en_name`, `type`, `format`, `currency`, `com_id`, `is_foreign`, `is_dn`, `is_frozen`, `is_last`, `is_cash`, `balance`, `foreign_balance`, `opening_balance`, `opening_foreign_balance`, `year_opening_balance`, `year_opening_foreign_balance`, `vendor_required`, `clerk_required`, `team_required`, `branch_required`, `created_at`, `updated_at`) VALUES (10, 0, '1', '1231', '1231', '其他应收款', 'accounts receivable-others', 'asset', 'amount', 'CNY', 1, 'N', 'Y', 'N', 'N', 'N', 0.00, 0.00, 0.00, 0.00, 0.00, 0.00, 'Y', 'N', 'N', 'N', '2024-11-01 23:48:22', '2024-11-01 23:48:22');
INSERT INTO `ops`.`fin_account_subjects` (`id`, `pid`, `level`, `code`, `abb`, `cn_name`, `en_name`, `type`, `format`, `currency`, `com_id`, `is_foreign`, `is_dn`, `is_frozen`, `is_last`, `is_cash`, `balance`, `foreign_balance`, `opening_balance`, `opening_foreign_balance`, `year_opening_balance`, `year_opening_foreign_balance`, `vendor_required`, `clerk_required`, `team_required`, `branch_required`, `created_at`, `updated_at`) VALUES (11, 0, '1', '1241', '1241', '坏账准备', 'had debts reserve', 'asset', 'amount', 'CNY', 1, 'N', 'Y', 'N', 'Y', 'N', 0.00, 0.00, 0.00, 0.00, 0.00, 0.00, 'N', 'N', 'N', 'N', '2024-11-01 23:48:22', '2024-11-01 23:48:22');
INSERT INTO `ops`.`fin_account_subjects` (`id`, `pid`, `level`, `code`, `abb`, `cn_name`, `en_name`, `type`, `format`, `currency`, `com_id`, `is_foreign`, `is_dn`, `is_frozen`, `is_last`, `is_cash`, `balance`, `foreign_balance`, `opening_balance`, `opening_foreign_balance`, `year_opening_balance`, `year_opening_foreign_balance`, `vendor_required`, `clerk_required`, `team_required`, `branch_required`, `created_at`, `updated_at`) VALUES (12, 0, '1', '1401', '1401', '材料采购', 'procurement of materials', 'asset', 'amount', 'CNY', 1, 'N', 'Y', 'N', 'Y', 'N', 0.00, 0.00, 0.00, 0.00, 0.00, 0.00, 'N', 'N', 'N', 'N', '2024-11-01 23:48:22', '2024-11-01 23:48:22');
INSERT INTO `ops`.`fin_account_subjects` (`id`, `pid`, `level`, `code`, `abb`, `cn_name`, `en_name`, `type`, `format`, `currency`, `com_id`, `is_foreign`, `is_dn`, `is_frozen`, `is_last`, `is_cash`, `balance`, `foreign_balance`, `opening_balance`, `opening_foreign_balance`, `year_opening_balance`, `year_opening_foreign_balance`, `vendor_required`, `clerk_required`, `team_required`, `branch_required`, `created_at`, `updated_at`) VALUES (13, 0, '1', '1402', '1402', '在途物资', 'materials in transit', 'asset', 'amount', 'CNY', 1, 'N', 'Y', 'N', 'Y', 'N', 0.00, 0.00, 0.00, 0.00, 0.00, 0.00, 'N', 'N', 'N', 'N', '2024-11-01 23:48:22', '2024-11-01 23:48:22');
INSERT INTO `ops`.`fin_account_subjects` (`id`, `pid`, `level`, `code`, `abb`, `cn_name`, `en_name`, `type`, `format`, `currency`, `com_id`, `is_foreign`, `is_dn`, `is_frozen`, `is_last`, `is_cash`, `balance`, `foreign_balance`, `opening_balance`, `opening_foreign_balance`, `year_opening_balance`, `year_opening_foreign_balance`, `vendor_required`, `clerk_required`, `team_required`, `branch_required`, `created_at`, `updated_at`) VALUES (14, 0, '1', '1403', '1403', '原材料', 'raw materials', 'asset', 'amount', 'CNY', 1, 'N', 'Y', 'N', 'Y', 'N', 0.00, 0.00, 0.00, 0.00, 0.00, 0.00, 'N', 'N', 'N', 'N', '2024-11-01 23:48:22', '2024-11-01 23:48:22');
INSERT INTO `ops`.`fin_account_subjects` (`id`, `pid`, `level`, `code`, `abb`, `cn_name`, `en_name`, `type`, `format`, `currency`, `com_id`, `is_foreign`, `is_dn`, `is_frozen`, `is_last`, `is_cash`, `balance`, `foreign_balance`, `opening_balance`, `opening_foreign_balance`, `year_opening_balance`, `year_opening_foreign_balance`, `vendor_required`, `clerk_required`, `team_required`, `branch_required`, `created_at`, `updated_at`) VALUES (15, 0, '1', '1406', '1406', '库存商品', 'commodity stocks', 'asset', 'amount', 'CNY', 1, 'N', 'Y', 'N', 'Y', 'N', 0.00, 0.00, 0.00, 0.00, 0.00, 0.00, 'N', 'N', 'N', 'N', '2024-11-01 23:48:22', '2024-11-01 23:48:22');
INSERT INTO `ops`.`fin_account_subjects` (`id`, `pid`, `level`, `code`, `abb`, `cn_name`, `en_name`, `type`, `format`, `currency`, `com_id`, `is_foreign`, `is_dn`, `is_frozen`, `is_last`, `is_cash`, `balance`, `foreign_balance`, `opening_balance`, `opening_foreign_balance`, `year_opening_balance`, `year_opening_foreign_balance`, `vendor_required`, `clerk_required`, `team_required`, `branch_required`, `created_at`, `updated_at`) VALUES (16, 0, '1', '1407', '1407', '发出商品', 'goods in transit', 'asset', 'amount', 'CNY', 1, 'N', 'Y', 'N', 'Y', 'N', 0.00, 0.00, 0.00, 0.00, 0.00, 0.00, 'N', 'N', 'N', 'N', '2024-11-01 23:48:22', '2024-11-01 23:48:22');
INSERT INTO `ops`.`fin_account_subjects` (`id`, `pid`, `level`, `code`, `abb`, `cn_name`, `en_name`, `type`, `format`, `currency`, `com_id`, `is_foreign`, `is_dn`, `is_frozen`, `is_last`, `is_cash`, `balance`, `foreign_balance`, `opening_balance`, `opening_foreign_balance`, `year_opening_balance`, `year_opening_foreign_balance`, `vendor_required`, `clerk_required`, `team_required`, `branch_required`, `created_at`, `updated_at`) VALUES (17, 0, '1', '1412', '1412', '包装物及低值易耗品', 'wrappage and low value and easily wornout articles', 'asset', 'amount', 'CNY', 1, 'N', 'Y', 'N', 'Y', 'N', 0.00, 0.00, 0.00, 0.00, 0.00, 0.00, 'N', 'N', 'N', 'N', '2024-11-01 23:48:22', '2024-11-01 23:48:22');
INSERT INTO `ops`.`fin_account_subjects` (`id`, `pid`, `level`, `code`, `abb`, `cn_name`, `en_name`, `type`, `format`, `currency`, `com_id`, `is_foreign`, `is_dn`, `is_frozen`, `is_last`, `is_cash`, `balance`, `foreign_balance`, `opening_balance`, `opening_foreign_balance`, `year_opening_balance`, `year_opening_foreign_balance`, `vendor_required`, `clerk_required`, `team_required`, `branch_required`, `created_at`, `updated_at`) VALUES (18, 0, '1', '1461', '1461', '存货跌价准备', 'reserve against stock price declining', 'asset', 'amount', 'CNY', 1, 'N', 'Y', 'N', 'Y', 'N', 0.00, 0.00, 0.00, 0.00, 0.00, 0.00, 'N', 'N', 'N', 'N', '2024-11-01 23:48:22', '2024-11-01 23:48:22');
INSERT INTO `ops`.`fin_account_subjects` (`id`, `pid`, `level`, `code`, `abb`, `cn_name`, `en_name`, `type`, `format`, `currency`, `com_id`, `is_foreign`, `is_dn`, `is_frozen`, `is_last`, `is_cash`, `balance`, `foreign_balance`, `opening_balance`, `opening_foreign_balance`, `year_opening_balance`, `year_opening_foreign_balance`, `vendor_required`, `clerk_required`, `team_required`, `branch_required`, `created_at`, `updated_at`) VALUES (19, 0, '1', '1521', '1521', '持有至到期投资', 'hold investment due', 'asset', 'amount', 'CNY', 1, 'N', 'Y', 'N', 'Y', 'N', 0.00, 0.00, 0.00, 0.00, 0.00, 0.00, 'N', 'N', 'N', 'N', '2024-11-01 23:48:22', '2024-11-01 23:48:22');
INSERT INTO `ops`.`fin_account_subjects` (`id`, `pid`, `level`, `code`, `abb`, `cn_name`, `en_name`, `type`, `format`, `currency`, `com_id`, `is_foreign`, `is_dn`, `is_frozen`, `is_last`, `is_cash`, `balance`, `foreign_balance`, `opening_balance`, `opening_foreign_balance`, `year_opening_balance`, `year_opening_foreign_balance`, `vendor_required`, `clerk_required`, `team_required`, `branch_required`, `created_at`, `updated_at`) VALUES (20, 0, '1', '1522', '1522', '持有至到期投资减值准备', 'hold investment due reduction reserve', 'asset', 'amount', 'CNY', 1, 'N', 'Y', 'N', 'Y', 'N', 0.00, 0.00, 0.00, 0.00, 0.00, 0.00, 'N', 'N', 'N', 'N', '2024-11-01 23:48:22', '2024-11-01 23:48:22');
INSERT INTO `ops`.`fin_account_subjects` (`id`, `pid`, `level`, `code`, `abb`, `cn_name`, `en_name`, `type`, `format`, `currency`, `com_id`, `is_foreign`, `is_dn`, `is_frozen`, `is_last`, `is_cash`, `balance`, `foreign_balance`, `opening_balance`, `opening_foreign_balance`, `year_opening_balance`, `year_opening_foreign_balance`, `vendor_required`, `clerk_required`, `team_required`, `branch_required`, `created_at`, `updated_at`) VALUES (21, 0, '1', '1523', '1523', '可供出售金融资产', 'financial assets available for sale', 'asset', 'amount', 'CNY', 1, 'N', 'Y', 'N', 'Y', 'N', 0.00, 0.00, 0.00, 0.00, 0.00, 0.00, 'N', 'N', 'N', 'N', '2024-11-01 23:48:22', '2024-11-01 23:48:22');
INSERT INTO `ops`.`fin_account_subjects` (`id`, `pid`, `level`, `code`, `abb`, `cn_name`, `en_name`, `type`, `format`, `currency`, `com_id`, `is_foreign`, `is_dn`, `is_frozen`, `is_last`, `is_cash`, `balance`, `foreign_balance`, `opening_balance`, `opening_foreign_balance`, `year_opening_balance`, `year_opening_foreign_balance`, `vendor_required`, `clerk_required`, `team_required`, `branch_required`, `created_at`, `updated_at`) VALUES (22, 0, '1', '1524', '1524', '长期股权投资', 'long-term stock ownership investment', 'asset', 'amount', 'CNY', 1, 'N', 'Y', 'N', 'Y', 'N', 0.00, 0.00, 0.00, 0.00, 0.00, 0.00, 'N', 'N', 'N', 'N', '2024-11-01 23:48:22', '2024-11-01 23:48:22');
INSERT INTO `ops`.`fin_account_subjects` (`id`, `pid`, `level`, `code`, `abb`, `cn_name`, `en_name`, `type`, `format`, `currency`, `com_id`, `is_foreign`, `is_dn`, `is_frozen`, `is_last`, `is_cash`, `balance`, `foreign_balance`, `opening_balance`, `opening_foreign_balance`, `year_opening_balance`, `year_opening_foreign_balance`, `vendor_required`, `clerk_required`, `team_required`, `branch_required`, `created_at`, `updated_at`) VALUES (23, 0, '1', '1525', '1525', '长期股权投资减值准备', 'long-term stock ownership investment reduction reserve', 'asset', 'amount', 'CNY', 1, 'N', 'Y', 'N', 'Y', 'N', 0.00, 0.00, 0.00, 0.00, 0.00, 0.00, 'N', 'N', 'N', 'N', '2024-11-01 23:48:22', '2024-11-01 23:48:22');
INSERT INTO `ops`.`fin_account_subjects` (`id`, `pid`, `level`, `code`, `abb`, `cn_name`, `en_name`, `type`, `format`, `currency`, `com_id`, `is_foreign`, `is_dn`, `is_frozen`, `is_last`, `is_cash`, `balance`, `foreign_balance`, `opening_balance`, `opening_foreign_balance`, `year_opening_balance`, `year_opening_foreign_balance`, `vendor_required`, `clerk_required`, `team_required`, `branch_required`, `created_at`, `updated_at`) VALUES (24, 0, '1', '1526', '1526', '投资性房地产', 'investment real eastate', 'asset', 'amount', 'CNY', 1, 'N', 'Y', 'N', 'Y', 'N', 0.00, 0.00, 0.00, 0.00, 0.00, 0.00, 'N', 'N', 'N', 'N', '2024-11-01 23:48:22', '2024-11-01 23:48:22');
INSERT INTO `ops`.`fin_account_subjects` (`id`, `pid`, `level`, `code`, `abb`, `cn_name`, `en_name`, `type`, `format`, `currency`, `com_id`, `is_foreign`, `is_dn`, `is_frozen`, `is_last`, `is_cash`, `balance`, `foreign_balance`, `opening_balance`, `opening_foreign_balance`, `year_opening_balance`, `year_opening_foreign_balance`, `vendor_required`, `clerk_required`, `team_required`, `branch_required`, `created_at`, `updated_at`) VALUES (25, 0, '1', '1531', '1531', '长期应收款', 'long-term account receivable', 'asset', 'amount', 'CNY', 1, 'N', 'Y', 'N', 'Y', 'N', 0.00, 0.00, 0.00, 0.00, 0.00, 0.00, 'N', 'N', 'N', 'N', '2024-11-01 23:48:22', '2024-11-01 23:48:22');
INSERT INTO `ops`.`fin_account_subjects` (`id`, `pid`, `level`, `code`, `abb`, `cn_name`, `en_name`, `type`, `format`, `currency`, `com_id`, `is_foreign`, `is_dn`, `is_frozen`, `is_last`, `is_cash`, `balance`, `foreign_balance`, `opening_balance`, `opening_foreign_balance`, `year_opening_balance`, `year_opening_foreign_balance`, `vendor_required`, `clerk_required`, `team_required`, `branch_required`, `created_at`, `updated_at`) VALUES (26, 0, '1', '1541', '1541', '未实现融资收益', 'unrealized financing income', 'asset', 'amount', 'CNY', 1, 'N', 'Y', 'N', 'Y', 'N', 0.00, 0.00, 0.00, 0.00, 0.00, 0.00, 'N', 'N', 'N', 'N', '2024-11-01 23:48:22', '2024-11-01 23:48:22');
INSERT INTO `ops`.`fin_account_subjects` (`id`, `pid`, `level`, `code`, `abb`, `cn_name`, `en_name`, `type`, `format`, `currency`, `com_id`, `is_foreign`, `is_dn`, `is_frozen`, `is_last`, `is_cash`, `balance`, `foreign_balance`, `opening_balance`, `opening_foreign_balance`, `year_opening_balance`, `year_opening_foreign_balance`, `vendor_required`, `clerk_required`, `team_required`, `branch_required`, `created_at`, `updated_at`) VALUES (27, 0, '1', '1601', '1601', '固定资产', 'permanent assets', 'asset', 'amount', 'CNY', 1, 'N', 'Y', 'N', 'N', 'N', 0.00, 0.00, 0.00, 0.00, 0.00, 0.00, 'N', 'N', 'N', 'N', '2024-11-01 23:48:22', '2024-11-01 23:48:22');
INSERT INTO `ops`.`fin_account_subjects` (`id`, `pid`, `level`, `code`, `abb`, `cn_name`, `en_name`, `type`, `format`, `currency`, `com_id`, `is_foreign`, `is_dn`, `is_frozen`, `is_last`, `is_cash`, `balance`, `foreign_balance`, `opening_balance`, `opening_foreign_balance`, `year_opening_balance`, `year_opening_foreign_balance`, `vendor_required`, `clerk_required`, `team_required`, `branch_required`, `created_at`, `updated_at`) VALUES (28, 0, '1', '1602', '1602', '累计折旧', 'accumulated depreciation', 'asset', 'amount', 'CNY', 1, 'N', 'Y', 'N', 'N', 'N', 0.00, 0.00, 0.00, 0.00, 0.00, 0.00, 'N', 'N', 'N', 'N', '2024-11-01 23:48:22', '2024-11-01 23:48:22');
INSERT INTO `ops`.`fin_account_subjects` (`id`, `pid`, `level`, `code`, `abb`, `cn_name`, `en_name`, `type`, `format`, `currency`, `com_id`, `is_foreign`, `is_dn`, `is_frozen`, `is_last`, `is_cash`, `balance`, `foreign_balance`, `opening_balance`, `opening_foreign_balance`, `year_opening_balance`, `year_opening_foreign_balance`, `vendor_required`, `clerk_required`, `team_required`, `branch_required`, `created_at`, `updated_at`) VALUES (29, 0, '1', '1603', '1603', '固定资产减值准备permanent', 'assets reduction reserve', 'asset', 'amount', 'CNY', 1, 'N', 'Y', 'N', 'Y', 'N', 0.00, 0.00, 0.00, 0.00, 0.00, 0.00, 'N', 'N', 'N', 'N', '2024-11-01 23:48:22', '2024-11-01 23:48:22');
INSERT INTO `ops`.`fin_account_subjects` (`id`, `pid`, `level`, `code`, `abb`, `cn_name`, `en_name`, `type`, `format`, `currency`, `com_id`, `is_foreign`, `is_dn`, `is_frozen`, `is_last`, `is_cash`, `balance`, `foreign_balance`, `opening_balance`, `opening_foreign_balance`, `year_opening_balance`, `year_opening_foreign_balance`, `vendor_required`, `clerk_required`, `team_required`, `branch_required`, `created_at`, `updated_at`) VALUES (30, 0, '1', '1604', '1604', '在建工程', 'construction in process', 'asset', 'amount', 'CNY', 1, 'N', 'Y', 'N', 'Y', 'N', 0.00, 0.00, 0.00, 0.00, 0.00, 0.00, 'N', 'N', 'N', 'N', '2024-11-01 23:48:22', '2024-11-01 23:48:22');
INSERT INTO `ops`.`fin_account_subjects` (`id`, `pid`, `level`, `code`, `abb`, `cn_name`, `en_name`, `type`, `format`, `currency`, `com_id`, `is_foreign`, `is_dn`, `is_frozen`, `is_last`, `is_cash`, `balance`, `foreign_balance`, `opening_balance`, `opening_foreign_balance`, `year_opening_balance`, `year_opening_foreign_balance`, `vendor_required`, `clerk_required`, `team_required`, `branch_required`, `created_at`, `updated_at`) VALUES (31, 0, '1', '1605', '1605', '工程物资', 'engineer material', 'asset', 'amount', 'CNY', 1, 'N', 'Y', 'N', 'Y', 'N', 0.00, 0.00, 0.00, 0.00, 0.00, 0.00, 'N', 'N', 'N', 'N', '2024-11-01 23:48:22', '2024-11-01 23:48:22');
INSERT INTO `ops`.`fin_account_subjects` (`id`, `pid`, `level`, `code`, `abb`, `cn_name`, `en_name`, `type`, `format`, `currency`, `com_id`, `is_foreign`, `is_dn`, `is_frozen`, `is_last`, `is_cash`, `balance`, `foreign_balance`, `opening_balance`, `opening_foreign_balance`, `year_opening_balance`, `year_opening_foreign_balance`, `vendor_required`, `clerk_required`, `team_required`, `branch_required`, `created_at`, `updated_at`) VALUES (32, 0, '1', '1606', '1606', '固定资产清理', 'disposal of fixed assets', 'asset', 'amount', 'CNY', 1, 'N', 'Y', 'N', 'Y', 'N', 0.00, 0.00, 0.00, 0.00, 0.00, 0.00, 'N', 'N', 'N', 'N', '2024-11-01 23:48:22', '2024-11-01 23:48:22');
INSERT INTO `ops`.`fin_account_subjects` (`id`, `pid`, `level`, `code`, `abb`, `cn_name`, `en_name`, `type`, `format`, `currency`, `com_id`, `is_foreign`, `is_dn`, `is_frozen`, `is_last`, `is_cash`, `balance`, `foreign_balance`, `opening_balance`, `opening_foreign_balance`, `year_opening_balance`, `year_opening_foreign_balance`, `vendor_required`, `clerk_required`, `team_required`, `branch_required`, `created_at`, `updated_at`) VALUES (33, 0, '1', '1701', '1701', '无形资产', 'intangible assets', 'asset', 'amount', 'CNY', 1, 'N', 'Y', 'N', 'Y', 'N', 0.00, 0.00, 0.00, 0.00, 0.00, 0.00, 'N', 'N', 'N', 'N', '2024-11-01 23:48:22', '2024-11-01 23:48:22');
INSERT INTO `ops`.`fin_account_subjects` (`id`, `pid`, `level`, `code`, `abb`, `cn_name`, `en_name`, `type`, `format`, `currency`, `com_id`, `is_foreign`, `is_dn`, `is_frozen`, `is_last`, `is_cash`, `balance`, `foreign_balance`, `opening_balance`, `opening_foreign_balance`, `year_opening_balance`, `year_opening_foreign_balance`, `vendor_required`, `clerk_required`, `team_required`, `branch_required`, `created_at`, `updated_at`) VALUES (34, 0, '1', '1702', '1702', '累计摊销', 'accumulated amortization', 'asset', 'amount', 'CNY', 1, 'N', 'Y', 'N', 'Y', 'N', 0.00, 0.00, 0.00, 0.00, 0.00, 0.00, 'N', 'N', 'N', 'N', '2024-11-01 23:48:22', '2024-11-01 23:48:22');
INSERT INTO `ops`.`fin_account_subjects` (`id`, `pid`, `level`, `code`, `abb`, `cn_name`, `en_name`, `type`, `format`, `currency`, `com_id`, `is_foreign`, `is_dn`, `is_frozen`, `is_last`, `is_cash`, `balance`, `foreign_balance`, `opening_balance`, `opening_foreign_balance`, `year_opening_balance`, `year_opening_foreign_balance`, `vendor_required`, `clerk_required`, `team_required`, `branch_required`, `created_at`, `updated_at`) VALUES (35, 0, '1', '1703', '1703', '无形资产减值准备', 'intangible assets reduction reserve', 'asset', 'amount', 'CNY', 1, 'N', 'Y', 'N', 'Y', 'N', 0.00, 0.00, 0.00, 0.00, 0.00, 0.00, 'N', 'N', 'N', 'N', '2024-11-01 23:48:22', '2024-11-01 23:48:22');
INSERT INTO `ops`.`fin_account_subjects` (`id`, `pid`, `level`, `code`, `abb`, `cn_name`, `en_name`, `type`, `format`, `currency`, `com_id`, `is_foreign`, `is_dn`, `is_frozen`, `is_last`, `is_cash`, `balance`, `foreign_balance`, `opening_balance`, `opening_foreign_balance`, `year_opening_balance`, `year_opening_foreign_balance`, `vendor_required`, `clerk_required`, `team_required`, `branch_required`, `created_at`, `updated_at`) VALUES (36, 0, '1', '1711', '1711', '商誉', 'business reputation', 'asset', 'amount', 'CNY', 1, 'N', 'Y', 'N', 'Y', 'N', 0.00, 0.00, 0.00, 0.00, 0.00, 0.00, 'N', 'N', 'N', 'N', '2024-11-01 23:48:22', '2024-11-01 23:48:22');
INSERT INTO `ops`.`fin_account_subjects` (`id`, `pid`, `level`, `code`, `abb`, `cn_name`, `en_name`, `type`, `format`, `currency`, `com_id`, `is_foreign`, `is_dn`, `is_frozen`, `is_last`, `is_cash`, `balance`, `foreign_balance`, `opening_balance`, `opening_foreign_balance`, `year_opening_balance`, `year_opening_foreign_balance`, `vendor_required`, `clerk_required`, `team_required`, `branch_required`, `created_at`, `updated_at`) VALUES (37, 0, '1', '1801', '1801', '长期待摊费用', 'long-term deferred expenses', 'asset', 'amount', 'CNY', 1, 'N', 'Y', 'N', 'N', 'N', 0.00, 0.00, 0.00, 0.00, 0.00, 0.00, 'N', 'N', 'N', 'N', '2024-11-01 23:48:22', '2024-11-01 23:48:22');
INSERT INTO `ops`.`fin_account_subjects` (`id`, `pid`, `level`, `code`, `abb`, `cn_name`, `en_name`, `type`, `format`, `currency`, `com_id`, `is_foreign`, `is_dn`, `is_frozen`, `is_last`, `is_cash`, `balance`, `foreign_balance`, `opening_balance`, `opening_foreign_balance`, `year_opening_balance`, `year_opening_foreign_balance`, `vendor_required`, `clerk_required`, `team_required`, `branch_required`, `created_at`, `updated_at`) VALUES (38, 0, '1', '1811', '1811', '递延所得税资产', 'deferred income tax assets', 'asset', 'amount', 'CNY', 1, 'N', 'Y', 'N', 'Y', 'N', 0.00, 0.00, 0.00, 0.00, 0.00, 0.00, 'N', 'N', 'N', 'N', '2024-11-01 23:48:22', '2024-11-01 23:48:22');
INSERT INTO `ops`.`fin_account_subjects` (`id`, `pid`, `level`, `code`, `abb`, `cn_name`, `en_name`, `type`, `format`, `currency`, `com_id`, `is_foreign`, `is_dn`, `is_frozen`, `is_last`, `is_cash`, `balance`, `foreign_balance`, `opening_balance`, `opening_foreign_balance`, `year_opening_balance`, `year_opening_foreign_balance`, `vendor_required`, `clerk_required`, `team_required`, `branch_required`, `created_at`, `updated_at`) VALUES (39, 0, '1', '1901', '1901', '待处理财产损溢', 'waiting assets profit and loss', 'asset', 'amount', 'CNY', 1, 'N', 'Y', 'N', 'Y', 'N', 0.00, 0.00, 0.00, 0.00, 0.00, 0.00, 'N', 'N', 'N', 'N', '2024-11-01 23:48:22', '2024-11-01 23:48:22');
INSERT INTO `ops`.`fin_account_subjects` (`id`, `pid`, `level`, `code`, `abb`, `cn_name`, `en_name`, `type`, `format`, `currency`, `com_id`, `is_foreign`, `is_dn`, `is_frozen`, `is_last`, `is_cash`, `balance`, `foreign_balance`, `opening_balance`, `opening_foreign_balance`, `year_opening_balance`, `year_opening_foreign_balance`, `vendor_required`, `clerk_required`, `team_required`, `branch_required`, `created_at`, `updated_at`) VALUES (40, 0, '1', '2001', '2001', '短期借款', 'short-term loan', 'liabilities', 'amount', 'CNY', 1, 'N', 'N', 'N', 'Y', 'N', 0.00, 0.00, 0.00, 0.00, 0.00, 0.00, 'N', 'N', 'N', 'N', '2024-11-01 23:48:22', '2024-11-01 23:48:22');
INSERT INTO `ops`.`fin_account_subjects` (`id`, `pid`, `level`, `code`, `abb`, `cn_name`, `en_name`, `type`, `format`, `currency`, `com_id`, `is_foreign`, `is_dn`, `is_frozen`, `is_last`, `is_cash`, `balance`, `foreign_balance`, `opening_balance`, `opening_foreign_balance`, `year_opening_balance`, `year_opening_foreign_balance`, `vendor_required`, `clerk_required`, `team_required`, `branch_required`, `created_at`, `updated_at`) VALUES (41, 0, '1', '2101', '2101', '交易性金融负债', 'transaction financial liabilities', 'liabilities', 'amount', 'CNY', 1, 'N', 'N', 'N', 'Y', 'N', 0.00, 0.00, 0.00, 0.00, 0.00, 0.00, 'N', 'N', 'N', 'N', '2024-11-01 23:48:22', '2024-11-01 23:48:22');
INSERT INTO `ops`.`fin_account_subjects` (`id`, `pid`, `level`, `code`, `abb`, `cn_name`, `en_name`, `type`, `format`, `currency`, `com_id`, `is_foreign`, `is_dn`, `is_frozen`, `is_last`, `is_cash`, `balance`, `foreign_balance`, `opening_balance`, `opening_foreign_balance`, `year_opening_balance`, `year_opening_foreign_balance`, `vendor_required`, `clerk_required`, `team_required`, `branch_required`, `created_at`, `updated_at`) VALUES (42, 0, '1', '2201', '2201', '应付票据', 'notes payable', 'liabilities', 'amount', 'CNY', 1, 'N', 'N', 'N', 'Y', 'N', 0.00, 0.00, 0.00, 0.00, 0.00, 0.00, 'N', 'N', 'N', 'N', '2024-11-01 23:48:22', '2024-11-01 23:48:22');
INSERT INTO `ops`.`fin_account_subjects` (`id`, `pid`, `level`, `code`, `abb`, `cn_name`, `en_name`, `type`, `format`, `currency`, `com_id`, `is_foreign`, `is_dn`, `is_frozen`, `is_last`, `is_cash`, `balance`, `foreign_balance`, `opening_balance`, `opening_foreign_balance`, `year_opening_balance`, `year_opening_foreign_balance`, `vendor_required`, `clerk_required`, `team_required`, `branch_required`, `created_at`, `updated_at`) VALUES (43, 0, '1', '2202', '2202', '应付账款', 'account payable', 'liabilities', 'amount', 'CNY', 1, 'N', 'N', 'N', 'N', 'N', 0.00, 0.00, 0.00, 0.00, 0.00, 0.00, 'Y', 'N', 'N', 'N', '2024-11-01 23:48:22', '2024-11-01 23:48:22');
INSERT INTO `ops`.`fin_account_subjects` (`id`, `pid`, `level`, `code`, `abb`, `cn_name`, `en_name`, `type`, `format`, `currency`, `com_id`, `is_foreign`, `is_dn`, `is_frozen`, `is_last`, `is_cash`, `balance`, `foreign_balance`, `opening_balance`, `opening_foreign_balance`, `year_opening_balance`, `year_opening_foreign_balance`, `vendor_required`, `clerk_required`, `team_required`, `branch_required`, `created_at`, `updated_at`) VALUES (44, 0, '1', '2205', '2205', '预收账款', 'item received in advance', 'liabilities', 'amount', 'CNY', 1, 'N', 'N', 'N', 'N', 'N', 0.00, 0.00, 0.00, 0.00, 0.00, 0.00, 'Y', 'N', 'N', 'N', '2024-11-01 23:48:22', '2024-11-01 23:48:22');
INSERT INTO `ops`.`fin_account_subjects` (`id`, `pid`, `level`, `code`, `abb`, `cn_name`, `en_name`, `type`, `format`, `currency`, `com_id`, `is_foreign`, `is_dn`, `is_frozen`, `is_last`, `is_cash`, `balance`, `foreign_balance`, `opening_balance`, `opening_foreign_balance`, `year_opening_balance`, `year_opening_foreign_balance`, `vendor_required`, `clerk_required`, `team_required`, `branch_required`, `created_at`, `updated_at`) VALUES (45, 0, '1', '2211', '2211', '应付职工薪酬', 'employee pay payable', 'liabilities', 'amount', 'CNY', 1, 'N', 'N', 'N', 'N', 'N', 0.00, 0.00, 0.00, 0.00, 0.00, 0.00, 'N', 'N', 'N', 'N', '2024-11-01 23:48:22', '2024-11-01 23:48:22');
INSERT INTO `ops`.`fin_account_subjects` (`id`, `pid`, `level`, `code`, `abb`, `cn_name`, `en_name`, `type`, `format`, `currency`, `com_id`, `is_foreign`, `is_dn`, `is_frozen`, `is_last`, `is_cash`, `balance`, `foreign_balance`, `opening_balance`, `opening_foreign_balance`, `year_opening_balance`, `year_opening_foreign_balance`, `vendor_required`, `clerk_required`, `team_required`, `branch_required`, `created_at`, `updated_at`) VALUES (46, 0, '1', '2221', '2221', '应交税费', 'tax payable', 'liabilities', 'amount', 'CNY', 1, 'N', 'N', 'N', 'N', 'N', 0.00, 0.00, 0.00, 0.00, 0.00, 0.00, 'N', 'N', 'N', 'N', '2024-11-01 23:48:22', '2024-11-01 23:48:22');
INSERT INTO `ops`.`fin_account_subjects` (`id`, `pid`, `level`, `code`, `abb`, `cn_name`, `en_name`, `type`, `format`, `currency`, `com_id`, `is_foreign`, `is_dn`, `is_frozen`, `is_last`, `is_cash`, `balance`, `foreign_balance`, `opening_balance`, `opening_foreign_balance`, `year_opening_balance`, `year_opening_foreign_balance`, `vendor_required`, `clerk_required`, `team_required`, `branch_required`, `created_at`, `updated_at`) VALUES (47, 0, '1', '2231', '2231', '应付股利', 'dividend payable', 'liabilities', 'amount', 'CNY', 1, 'N', 'N', 'N', 'Y', 'N', 0.00, 0.00, 0.00, 0.00, 0.00, 0.00, 'N', 'N', 'N', 'N', '2024-11-01 23:48:22', '2024-11-01 23:48:22');
INSERT INTO `ops`.`fin_account_subjects` (`id`, `pid`, `level`, `code`, `abb`, `cn_name`, `en_name`, `type`, `format`, `currency`, `com_id`, `is_foreign`, `is_dn`, `is_frozen`, `is_last`, `is_cash`, `balance`, `foreign_balance`, `opening_balance`, `opening_foreign_balance`, `year_opening_balance`, `year_opening_foreign_balance`, `vendor_required`, `clerk_required`, `team_required`, `branch_required`, `created_at`, `updated_at`) VALUES (48, 0, '1', '2232', '2232', '应付利息', 'interest payable', 'liabilities', 'amount', 'CNY', 1, 'N', 'N', 'N', 'Y', 'N', 0.00, 0.00, 0.00, 0.00, 0.00, 0.00, 'N', 'N', 'N', 'N', '2024-11-01 23:48:22', '2024-11-01 23:48:22');
INSERT INTO `ops`.`fin_account_subjects` (`id`, `pid`, `level`, `code`, `abb`, `cn_name`, `en_name`, `type`, `format`, `currency`, `com_id`, `is_foreign`, `is_dn`, `is_frozen`, `is_last`, `is_cash`, `balance`, `foreign_balance`, `opening_balance`, `opening_foreign_balance`, `year_opening_balance`, `year_opening_foreign_balance`, `vendor_required`, `clerk_required`, `team_required`, `branch_required`, `created_at`, `updated_at`) VALUES (49, 0, '1', '2241', '2241', '其他应付款', 'other account payable', 'liabilities', 'amount', 'CNY', 1, 'N', 'N', 'N', 'N', 'N', 0.00, 0.00, 0.00, 0.00, 0.00, 0.00, 'Y', 'N', 'N', 'Y', '2024-11-01 23:48:22', '2024-11-01 23:48:22');
INSERT INTO `ops`.`fin_account_subjects` (`id`, `pid`, `level`, `code`, `abb`, `cn_name`, `en_name`, `type`, `format`, `currency`, `com_id`, `is_foreign`, `is_dn`, `is_frozen`, `is_last`, `is_cash`, `balance`, `foreign_balance`, `opening_balance`, `opening_foreign_balance`, `year_opening_balance`, `year_opening_foreign_balance`, `vendor_required`, `clerk_required`, `team_required`, `branch_required`, `created_at`, `updated_at`) VALUES (50, 0, '1', '2411', '2411', '预计负债', 'estimated liabilities', 'liabilities', 'amount', 'CNY', 1, 'N', 'N', 'N', 'Y', 'N', 0.00, 0.00, 0.00, 0.00, 0.00, 0.00, 'N', 'N', 'N', 'N', '2024-11-01 23:48:22', '2024-11-01 23:48:22');
INSERT INTO `ops`.`fin_account_subjects` (`id`, `pid`, `level`, `code`, `abb`, `cn_name`, `en_name`, `type`, `format`, `currency`, `com_id`, `is_foreign`, `is_dn`, `is_frozen`, `is_last`, `is_cash`, `balance`, `foreign_balance`, `opening_balance`, `opening_foreign_balance`, `year_opening_balance`, `year_opening_foreign_balance`, `vendor_required`, `clerk_required`, `team_required`, `branch_required`, `created_at`, `updated_at`) VALUES (51, 0, '1', '2501', '2501', '递延收益', 'deferred income', 'liabilities', 'amount', 'CNY', 1, 'N', 'N', 'N', 'Y', 'N', 0.00, 0.00, 0.00, 0.00, 0.00, 0.00, 'N', 'N', 'N', 'N', '2024-11-01 23:48:22', '2024-11-01 23:48:22');
INSERT INTO `ops`.`fin_account_subjects` (`id`, `pid`, `level`, `code`, `abb`, `cn_name`, `en_name`, `type`, `format`, `currency`, `com_id`, `is_foreign`, `is_dn`, `is_frozen`, `is_last`, `is_cash`, `balance`, `foreign_balance`, `opening_balance`, `opening_foreign_balance`, `year_opening_balance`, `year_opening_foreign_balance`, `vendor_required`, `clerk_required`, `team_required`, `branch_required`, `created_at`, `updated_at`) VALUES (52, 0, '1', '2601', '2601', '长期借款', 'money borrowed for long term', 'liabilities', 'amount', 'CNY', 1, 'N', 'N', 'N', 'Y', 'N', 0.00, 0.00, 0.00, 0.00, 0.00, 0.00, 'N', 'N', 'N', 'N', '2024-11-01 23:48:22', '2024-11-01 23:48:22');
INSERT INTO `ops`.`fin_account_subjects` (`id`, `pid`, `level`, `code`, `abb`, `cn_name`, `en_name`, `type`, `format`, `currency`, `com_id`, `is_foreign`, `is_dn`, `is_frozen`, `is_last`, `is_cash`, `balance`, `foreign_balance`, `opening_balance`, `opening_foreign_balance`, `year_opening_balance`, `year_opening_foreign_balance`, `vendor_required`, `clerk_required`, `team_required`, `branch_required`, `created_at`, `updated_at`) VALUES (53, 0, '1', '2602', '2602', '长期债券', 'long-term bond', 'liabilities', 'amount', 'CNY', 1, 'N', 'N', 'N', 'Y', 'N', 0.00, 0.00, 0.00, 0.00, 0.00, 0.00, 'N', 'N', 'N', 'N', '2024-11-01 23:48:22', '2024-11-01 23:48:22');
INSERT INTO `ops`.`fin_account_subjects` (`id`, `pid`, `level`, `code`, `abb`, `cn_name`, `en_name`, `type`, `format`, `currency`, `com_id`, `is_foreign`, `is_dn`, `is_frozen`, `is_last`, `is_cash`, `balance`, `foreign_balance`, `opening_balance`, `opening_foreign_balance`, `year_opening_balance`, `year_opening_foreign_balance`, `vendor_required`, `clerk_required`, `team_required`, `branch_required`, `created_at`, `updated_at`) VALUES (54, 0, '1', '2801', '2801', '长期应付款', 'long-term account payable', 'liabilities', 'amount', 'CNY', 1, 'N', 'N', 'N', 'Y', 'N', 0.00, 0.00, 0.00, 0.00, 0.00, 0.00, 'N', 'N', 'N', 'N', '2024-11-01 23:48:22', '2024-11-01 23:48:22');
INSERT INTO `ops`.`fin_account_subjects` (`id`, `pid`, `level`, `code`, `abb`, `cn_name`, `en_name`, `type`, `format`, `currency`, `com_id`, `is_foreign`, `is_dn`, `is_frozen`, `is_last`, `is_cash`, `balance`, `foreign_balance`, `opening_balance`, `opening_foreign_balance`, `year_opening_balance`, `year_opening_foreign_balance`, `vendor_required`, `clerk_required`, `team_required`, `branch_required`, `created_at`, `updated_at`) VALUES (55, 0, '1', '2802', '2802', '未确认融资费用', 'unacknowledged financial charges', 'liabilities', 'amount', 'CNY', 1, 'N', 'N', 'N', 'Y', 'N', 0.00, 0.00, 0.00, 0.00, 0.00, 0.00, 'N', 'N', 'N', 'N', '2024-11-01 23:48:22', '2024-11-01 23:48:22');
INSERT INTO `ops`.`fin_account_subjects` (`id`, `pid`, `level`, `code`, `abb`, `cn_name`, `en_name`, `type`, `format`, `currency`, `com_id`, `is_foreign`, `is_dn`, `is_frozen`, `is_last`, `is_cash`, `balance`, `foreign_balance`, `opening_balance`, `opening_foreign_balance`, `year_opening_balance`, `year_opening_foreign_balance`, `vendor_required`, `clerk_required`, `team_required`, `branch_required`, `created_at`, `updated_at`) VALUES (56, 0, '1', '2811', '2811', '专项应付款', 'special accounts payable', 'liabilities', 'amount', 'CNY', 1, 'N', 'N', 'N', 'Y', 'N', 0.00, 0.00, 0.00, 0.00, 0.00, 0.00, 'N', 'N', 'N', 'N', '2024-11-01 23:48:22', '2024-11-01 23:48:22');
INSERT INTO `ops`.`fin_account_subjects` (`id`, `pid`, `level`, `code`, `abb`, `cn_name`, `en_name`, `type`, `format`, `currency`, `com_id`, `is_foreign`, `is_dn`, `is_frozen`, `is_last`, `is_cash`, `balance`, `foreign_balance`, `opening_balance`, `opening_foreign_balance`, `year_opening_balance`, `year_opening_foreign_balance`, `vendor_required`, `clerk_required`, `team_required`, `branch_required`, `created_at`, `updated_at`) VALUES (57, 0, '1', '2901', '2901', '递延所得税负债', 'deferred income tax liabilities', 'liabilities', 'amount', 'CNY', 1, 'N', 'N', 'N', 'Y', 'N', 0.00, 0.00, 0.00, 0.00, 0.00, 0.00, 'N', 'N', 'N', 'N', '2024-11-01 23:48:22', '2024-11-01 23:48:22');
INSERT INTO `ops`.`fin_account_subjects` (`id`, `pid`, `level`, `code`, `abb`, `cn_name`, `en_name`, `type`, `format`, `currency`, `com_id`, `is_foreign`, `is_dn`, `is_frozen`, `is_last`, `is_cash`, `balance`, `foreign_balance`, `opening_balance`, `opening_foreign_balance`, `year_opening_balance`, `year_opening_foreign_balance`, `vendor_required`, `clerk_required`, `team_required`, `branch_required`, `created_at`, `updated_at`) VALUES (58, 0, '1', '3101', '3101', '衍生工具', 'derivative tool', 'common', 'amount', 'CNY', 1, 'N', 'N', 'N', 'Y', 'N', 0.00, 0.00, 0.00, 0.00, 0.00, 0.00, 'N', 'N', 'N', 'N', '2024-11-01 23:48:22', '2024-11-01 23:48:22');
INSERT INTO `ops`.`fin_account_subjects` (`id`, `pid`, `level`, `code`, `abb`, `cn_name`, `en_name`, `type`, `format`, `currency`, `com_id`, `is_foreign`, `is_dn`, `is_frozen`, `is_last`, `is_cash`, `balance`, `foreign_balance`, `opening_balance`, `opening_foreign_balance`, `year_opening_balance`, `year_opening_foreign_balance`, `vendor_required`, `clerk_required`, `team_required`, `branch_required`, `created_at`, `updated_at`) VALUES (59, 0, '1', '3201', '3201', '套期工具', 'arbitrage tool', 'common', 'amount', 'CNY', 1, 'N', 'N', 'N', 'Y', 'N', 0.00, 0.00, 0.00, 0.00, 0.00, 0.00, 'N', 'N', 'N', 'N', '2024-11-01 23:48:22', '2024-11-01 23:48:22');
INSERT INTO `ops`.`fin_account_subjects` (`id`, `pid`, `level`, `code`, `abb`, `cn_name`, `en_name`, `type`, `format`, `currency`, `com_id`, `is_foreign`, `is_dn`, `is_frozen`, `is_last`, `is_cash`, `balance`, `foreign_balance`, `opening_balance`, `opening_foreign_balance`, `year_opening_balance`, `year_opening_foreign_balance`, `vendor_required`, `clerk_required`, `team_required`, `branch_required`, `created_at`, `updated_at`) VALUES (60, 0, '1', '3202', '3202', '被套期项目', 'arbitrage project', 'common', 'amount', 'CNY', 1, 'N', 'N', 'N', 'Y', 'N', 0.00, 0.00, 0.00, 0.00, 0.00, 0.00, 'N', 'N', 'N', 'N', '2024-11-01 23:48:22', '2024-11-01 23:48:22');
INSERT INTO `ops`.`fin_account_subjects` (`id`, `pid`, `level`, `code`, `abb`, `cn_name`, `en_name`, `type`, `format`, `currency`, `com_id`, `is_foreign`, `is_dn`, `is_frozen`, `is_last`, `is_cash`, `balance`, `foreign_balance`, `opening_balance`, `opening_foreign_balance`, `year_opening_balance`, `year_opening_foreign_balance`, `vendor_required`, `clerk_required`, `team_required`, `branch_required`, `created_at`, `updated_at`) VALUES (61, 0, '1', '4001', '4001', '实收资本', 'paid-up capital', 'ownership', 'amount', 'CNY', 1, 'N', 'N', 'N', 'Y', 'N', 0.00, 0.00, 0.00, 0.00, 0.00, 0.00, 'N', 'N', 'N', 'N', '2024-11-01 23:48:22', '2024-11-01 23:48:22');
INSERT INTO `ops`.`fin_account_subjects` (`id`, `pid`, `level`, `code`, `abb`, `cn_name`, `en_name`, `type`, `format`, `currency`, `com_id`, `is_foreign`, `is_dn`, `is_frozen`, `is_last`, `is_cash`, `balance`, `foreign_balance`, `opening_balance`, `opening_foreign_balance`, `year_opening_balance`, `year_opening_foreign_balance`, `vendor_required`, `clerk_required`, `team_required`, `branch_required`, `created_at`, `updated_at`) VALUES (62, 0, '1', '4002', '4002', '资本公积', 'contributed surplus', 'ownership', 'amount', 'CNY', 1, 'N', 'N', 'N', 'N', 'N', 0.00, 0.00, 0.00, 0.00, 0.00, 0.00, 'N', 'N', 'N', 'N', '2024-11-01 23:48:22', '2024-11-01 23:48:22');
INSERT INTO `ops`.`fin_account_subjects` (`id`, `pid`, `level`, `code`, `abb`, `cn_name`, `en_name`, `type`, `format`, `currency`, `com_id`, `is_foreign`, `is_dn`, `is_frozen`, `is_last`, `is_cash`, `balance`, `foreign_balance`, `opening_balance`, `opening_foreign_balance`, `year_opening_balance`, `year_opening_foreign_balance`, `vendor_required`, `clerk_required`, `team_required`, `branch_required`, `created_at`, `updated_at`) VALUES (63, 0, '1', '4101', '4101', '盈余公积', 'earned surplus', 'ownership', 'amount', 'CNY', 1, 'N', 'N', 'N', 'N', 'N', 0.00, 0.00, 0.00, 0.00, 0.00, 0.00, 'N', 'N', 'N', 'N', '2024-11-01 23:48:22', '2024-11-01 23:48:22');
INSERT INTO `ops`.`fin_account_subjects` (`id`, `pid`, `level`, `code`, `abb`, `cn_name`, `en_name`, `type`, `format`, `currency`, `com_id`, `is_foreign`, `is_dn`, `is_frozen`, `is_last`, `is_cash`, `balance`, `foreign_balance`, `opening_balance`, `opening_foreign_balance`, `year_opening_balance`, `year_opening_foreign_balance`, `vendor_required`, `clerk_required`, `team_required`, `branch_required`, `created_at`, `updated_at`) VALUES (64, 0, '1', '4103', '4103', '本年利润', 'profit for the current year', 'ownership', 'amount', 'CNY', 1, 'N', 'N', 'N', 'Y', 'N', 0.00, 0.00, 0.00, 0.00, 0.00, 0.00, 'N', 'N', 'N', 'N', '2024-11-01 23:48:22', '2024-11-01 23:48:22');
INSERT INTO `ops`.`fin_account_subjects` (`id`, `pid`, `level`, `code`, `abb`, `cn_name`, `en_name`, `type`, `format`, `currency`, `com_id`, `is_foreign`, `is_dn`, `is_frozen`, `is_last`, `is_cash`, `balance`, `foreign_balance`, `opening_balance`, `opening_foreign_balance`, `year_opening_balance`, `year_opening_foreign_balance`, `vendor_required`, `clerk_required`, `team_required`, `branch_required`, `created_at`, `updated_at`) VALUES (65, 0, '1', '4104', '4104', '利润分配', 'allocation of profits', 'ownership', 'amount', 'CNY', 1, 'N', 'N', 'N', 'Y', 'N', 0.00, 0.00, 0.00, 0.00, 0.00, 0.00, 'N', 'N', 'N', 'N', '2024-11-01 23:48:22', '2024-11-01 23:48:22');
INSERT INTO `ops`.`fin_account_subjects` (`id`, `pid`, `level`, `code`, `abb`, `cn_name`, `en_name`, `type`, `format`, `currency`, `com_id`, `is_foreign`, `is_dn`, `is_frozen`, `is_last`, `is_cash`, `balance`, `foreign_balance`, `opening_balance`, `opening_foreign_balance`, `year_opening_balance`, `year_opening_foreign_balance`, `vendor_required`, `clerk_required`, `team_required`, `branch_required`, `created_at`, `updated_at`) VALUES (66, 0, '1', '4201', '4201', '库存股', 'treasury stock', 'ownership', 'amount', 'CNY', 1, 'N', 'N', 'N', 'Y', 'N', 0.00, 0.00, 0.00, 0.00, 0.00, 0.00, 'N', 'N', 'N', 'N', '2024-11-01 23:48:22', '2024-11-01 23:48:22');
INSERT INTO `ops`.`fin_account_subjects` (`id`, `pid`, `level`, `code`, `abb`, `cn_name`, `en_name`, `type`, `format`, `currency`, `com_id`, `is_foreign`, `is_dn`, `is_frozen`, `is_last`, `is_cash`, `balance`, `foreign_balance`, `opening_balance`, `opening_foreign_balance`, `year_opening_balance`, `year_opening_foreign_balance`, `vendor_required`, `clerk_required`, `team_required`, `branch_required`, `created_at`, `updated_at`) VALUES (67, 0, '1', '5001', '5001', '生产成本', 'production cost', 'cost', 'amount', 'CNY', 1, 'N', 'Y', 'N', 'Y', 'N', 0.00, 0.00, 0.00, 0.00, 0.00, 0.00, 'N', 'N', 'N', 'N', '2024-11-01 23:48:22', '2024-11-01 23:48:22');
INSERT INTO `ops`.`fin_account_subjects` (`id`, `pid`, `level`, `code`, `abb`, `cn_name`, `en_name`, `type`, `format`, `currency`, `com_id`, `is_foreign`, `is_dn`, `is_frozen`, `is_last`, `is_cash`, `balance`, `foreign_balance`, `opening_balance`, `opening_foreign_balance`, `year_opening_balance`, `year_opening_foreign_balance`, `vendor_required`, `clerk_required`, `team_required`, `branch_required`, `created_at`, `updated_at`) VALUES (68, 0, '1', '5101', '5101', '制造费用', 'cost of production', 'cost', 'amount', 'CNY', 1, 'N', 'Y', 'N', 'Y', 'N', 0.00, 0.00, 0.00, 0.00, 0.00, 0.00, 'N', 'N', 'N', 'N', '2024-11-01 23:48:22', '2024-11-01 23:48:22');
INSERT INTO `ops`.`fin_account_subjects` (`id`, `pid`, `level`, `code`, `abb`, `cn_name`, `en_name`, `type`, `format`, `currency`, `com_id`, `is_foreign`, `is_dn`, `is_frozen`, `is_last`, `is_cash`, `balance`, `foreign_balance`, `opening_balance`, `opening_foreign_balance`, `year_opening_balance`, `year_opening_foreign_balance`, `vendor_required`, `clerk_required`, `team_required`, `branch_required`, `created_at`, `updated_at`) VALUES (69, 0, '1', '5201', '5201', '劳务成本', 'service cost', 'cost', 'amount', 'CNY', 1, 'N', 'Y', 'N', 'Y', 'N', 0.00, 0.00, 0.00, 0.00, 0.00, 0.00, 'N', 'N', 'N', 'N', '2024-11-01 23:48:22', '2024-11-01 23:48:22');
INSERT INTO `ops`.`fin_account_subjects` (`id`, `pid`, `level`, `code`, `abb`, `cn_name`, `en_name`, `type`, `format`, `currency`, `com_id`, `is_foreign`, `is_dn`, `is_frozen`, `is_last`, `is_cash`, `balance`, `foreign_balance`, `opening_balance`, `opening_foreign_balance`, `year_opening_balance`, `year_opening_foreign_balance`, `vendor_required`, `clerk_required`, `team_required`, `branch_required`, `created_at`, `updated_at`) VALUES (70, 0, '1', '5301', '5301', '研发支出', 'research and development expenditures', 'cost', 'amount', 'CNY', 1, 'N', 'Y', 'N', 'Y', 'N', 0.00, 0.00, 0.00, 0.00, 0.00, 0.00, 'N', 'N', 'N', 'N', '2024-11-01 23:48:22', '2024-11-01 23:48:22');
INSERT INTO `ops`.`fin_account_subjects` (`id`, `pid`, `level`, `code`, `abb`, `cn_name`, `en_name`, `type`, `format`, `currency`, `com_id`, `is_foreign`, `is_dn`, `is_frozen`, `is_last`, `is_cash`, `balance`, `foreign_balance`, `opening_balance`, `opening_foreign_balance`, `year_opening_balance`, `year_opening_foreign_balance`, `vendor_required`, `clerk_required`, `team_required`, `branch_required`, `created_at`, `updated_at`) VALUES (71, 0, '1', '6001', '6001', '主营业务收入', 'main business income', 'profit', 'amount', 'CNY', 1, 'N', 'N', 'N', 'Y', 'N', 0.00, 0.00, 0.00, 0.00, 0.00, 0.00, 'N', 'N', 'N', 'N', '2024-11-01 23:48:22', '2024-11-01 23:48:22');
INSERT INTO `ops`.`fin_account_subjects` (`id`, `pid`, `level`, `code`, `abb`, `cn_name`, `en_name`, `type`, `format`, `currency`, `com_id`, `is_foreign`, `is_dn`, `is_frozen`, `is_last`, `is_cash`, `balance`, `foreign_balance`, `opening_balance`, `opening_foreign_balance`, `year_opening_balance`, `year_opening_foreign_balance`, `vendor_required`, `clerk_required`, `team_required`, `branch_required`, `created_at`, `updated_at`) VALUES (72, 0, '1', '6011', '6011', '利息收入', 'interest income financial sharing', 'profit', 'amount', 'CNY', 1, 'N', 'N', 'N', 'Y', 'N', 0.00, 0.00, 0.00, 0.00, 0.00, 0.00, 'N', 'N', 'N', 'N', '2024-11-01 23:48:22', '2024-11-01 23:48:22');
INSERT INTO `ops`.`fin_account_subjects` (`id`, `pid`, `level`, `code`, `abb`, `cn_name`, `en_name`, `type`, `format`, `currency`, `com_id`, `is_foreign`, `is_dn`, `is_frozen`, `is_last`, `is_cash`, `balance`, `foreign_balance`, `opening_balance`, `opening_foreign_balance`, `year_opening_balance`, `year_opening_foreign_balance`, `vendor_required`, `clerk_required`, `team_required`, `branch_required`, `created_at`, `updated_at`) VALUES (73, 0, '1', '6051', '6051', '其他业务收入', 'other business income', 'profit', 'amount', 'CNY', 1, 'N', 'N', 'N', 'Y', 'N', 0.00, 0.00, 0.00, 0.00, 0.00, 0.00, 'N', 'N', 'N', 'N', '2024-11-01 23:48:22', '2024-11-01 23:48:22');
INSERT INTO `ops`.`fin_account_subjects` (`id`, `pid`, `level`, `code`, `abb`, `cn_name`, `en_name`, `type`, `format`, `currency`, `com_id`, `is_foreign`, `is_dn`, `is_frozen`, `is_last`, `is_cash`, `balance`, `foreign_balance`, `opening_balance`, `opening_foreign_balance`, `year_opening_balance`, `year_opening_foreign_balance`, `vendor_required`, `clerk_required`, `team_required`, `branch_required`, `created_at`, `updated_at`) VALUES (74, 0, '1', '6061', '6061', '禁用', 'exchange gain or loss exclusively for finance', 'profit', 'amount', 'CNY', 1, 'N', 'N', 'Y', 'Y', 'N', 0.00, 0.00, 0.00, 0.00, 0.00, 0.00, 'N', 'N', 'N', 'N', '2024-11-01 23:48:22', '2024-11-01 23:48:22');
INSERT INTO `ops`.`fin_account_subjects` (`id`, `pid`, `level`, `code`, `abb`, `cn_name`, `en_name`, `type`, `format`, `currency`, `com_id`, `is_foreign`, `is_dn`, `is_frozen`, `is_last`, `is_cash`, `balance`, `foreign_balance`, `opening_balance`, `opening_foreign_balance`, `year_opening_balance`, `year_opening_foreign_balance`, `vendor_required`, `clerk_required`, `team_required`, `branch_required`, `created_at`, `updated_at`) VALUES (75, 0, '1', '6101', '6101', '公允价值变动损益', 'sound value flexible loss and profit', 'profit', 'amount', 'CNY', 1, 'N', 'N', 'N', 'Y', 'N', 0.00, 0.00, 0.00, 0.00, 0.00, 0.00, 'N', 'N', 'N', 'N', '2024-11-01 23:48:22', '2024-11-01 23:48:22');
INSERT INTO `ops`.`fin_account_subjects` (`id`, `pid`, `level`, `code`, `abb`, `cn_name`, `en_name`, `type`, `format`, `currency`, `com_id`, `is_foreign`, `is_dn`, `is_frozen`, `is_last`, `is_cash`, `balance`, `foreign_balance`, `opening_balance`, `opening_foreign_balance`, `year_opening_balance`, `year_opening_foreign_balance`, `vendor_required`, `clerk_required`, `team_required`, `branch_required`, `created_at`, `updated_at`) VALUES (76, 0, '1', '6111', '6111', '投资收益', 'income on investment', 'profit', 'amount', 'CNY', 1, 'N', 'N', 'N', 'Y', 'N', 0.00, 0.00, 0.00, 0.00, 0.00, 0.00, 'N', 'N', 'N', 'N', '2024-11-01 23:48:22', '2024-11-01 23:48:22');
INSERT INTO `ops`.`fin_account_subjects` (`id`, `pid`, `level`, `code`, `abb`, `cn_name`, `en_name`, `type`, `format`, `currency`, `com_id`, `is_foreign`, `is_dn`, `is_frozen`, `is_last`, `is_cash`, `balance`, `foreign_balance`, `opening_balance`, `opening_foreign_balance`, `year_opening_balance`, `year_opening_foreign_balance`, `vendor_required`, `clerk_required`, `team_required`, `branch_required`, `created_at`, `updated_at`) VALUES (77, 0, '1', '6301', '6301', '营业外收入', 'nonrevenue receipt', 'profit', 'amount', 'CNY', 1, 'N', 'N', 'N', 'N', 'N', 0.00, 0.00, 0.00, 0.00, 0.00, 0.00, 'N', 'N', 'N', 'N', '2024-11-01 23:48:22', '2024-11-01 23:48:22');
INSERT INTO `ops`.`fin_account_subjects` (`id`, `pid`, `level`, `code`, `abb`, `cn_name`, `en_name`, `type`, `format`, `currency`, `com_id`, `is_foreign`, `is_dn`, `is_frozen`, `is_last`, `is_cash`, `balance`, `foreign_balance`, `opening_balance`, `opening_foreign_balance`, `year_opening_balance`, `year_opening_foreign_balance`, `vendor_required`, `clerk_required`, `team_required`, `branch_required`, `created_at`, `updated_at`) VALUES (78, 0, '1', '6401', '6401', '主营业务成本', 'main business cost', 'profit', 'amount', 'CNY', 1, 'N', 'Y', 'N', 'Y', 'N', 0.00, 0.00, 0.00, 0.00, 0.00, 0.00, 'N', 'N', 'N', 'N', '2024-11-01 23:48:22', '2024-11-01 23:48:22');
INSERT INTO `ops`.`fin_account_subjects` (`id`, `pid`, `level`, `code`, `abb`, `cn_name`, `en_name`, `type`, `format`, `currency`, `com_id`, `is_foreign`, `is_dn`, `is_frozen`, `is_last`, `is_cash`, `balance`, `foreign_balance`, `opening_balance`, `opening_foreign_balance`, `year_opening_balance`, `year_opening_foreign_balance`, `vendor_required`, `clerk_required`, `team_required`, `branch_required`, `created_at`, `updated_at`) VALUES (79, 0, '1', '6402', '6402', '其他业务支出', 'other business expense', 'profit', 'amount', 'CNY', 1, 'N', 'Y', 'N', 'Y', 'N', 0.00, 0.00, 0.00, 0.00, 0.00, 0.00, 'N', 'N', 'N', 'N', '2024-11-01 23:48:22', '2024-11-01 23:48:22');
INSERT INTO `ops`.`fin_account_subjects` (`id`, `pid`, `level`, `code`, `abb`, `cn_name`, `en_name`, `type`, `format`, `currency`, `com_id`, `is_foreign`, `is_dn`, `is_frozen`, `is_last`, `is_cash`, `balance`, `foreign_balance`, `opening_balance`, `opening_foreign_balance`, `year_opening_balance`, `year_opening_foreign_balance`, `vendor_required`, `clerk_required`, `team_required`, `branch_required`, `created_at`, `updated_at`) VALUES (80, 0, '1', '6405', '6405', '营业税金及附加', 'business tariff and annex', 'profit', 'amount', 'CNY', 1, 'N', 'Y', 'N', 'N', 'N', 0.00, 0.00, 0.00, 0.00, 0.00, 0.00, 'N', 'N', 'N', 'N', '2024-11-01 23:48:22', '2024-11-01 23:48:22');
INSERT INTO `ops`.`fin_account_subjects` (`id`, `pid`, `level`, `code`, `abb`, `cn_name`, `en_name`, `type`, `format`, `currency`, `com_id`, `is_foreign`, `is_dn`, `is_frozen`, `is_last`, `is_cash`, `balance`, `foreign_balance`, `opening_balance`, `opening_foreign_balance`, `year_opening_balance`, `year_opening_foreign_balance`, `vendor_required`, `clerk_required`, `team_required`, `branch_required`, `created_at`, `updated_at`) VALUES (81, 0, '1', '6411', '6411', '利息支出', 'interest expense financial sharing', 'profit', 'amount', 'CNY', 1, 'N', 'Y', 'N', 'Y', 'N', 0.00, 0.00, 0.00, 0.00, 0.00, 0.00, 'N', 'N', 'N', 'N', '2024-11-01 23:48:22', '2024-11-01 23:48:22');
INSERT INTO `ops`.`fin_account_subjects` (`id`, `pid`, `level`, `code`, `abb`, `cn_name`, `en_name`, `type`, `format`, `currency`, `com_id`, `is_foreign`, `is_dn`, `is_frozen`, `is_last`, `is_cash`, `balance`, `foreign_balance`, `opening_balance`, `opening_foreign_balance`, `year_opening_balance`, `year_opening_foreign_balance`, `vendor_required`, `clerk_required`, `team_required`, `branch_required`, `created_at`, `updated_at`) VALUES (82, 0, '1', '6601', '6601', '销售费用', 'marketing cost', 'profit', 'amount', 'CNY', 1, 'N', 'Y', 'N', 'N', 'N', 0.00, 0.00, 0.00, 0.00, 0.00, 0.00, 'N', 'N', 'N', 'N', '2024-11-01 23:48:22', '2024-11-01 23:48:22');
INSERT INTO `ops`.`fin_account_subjects` (`id`, `pid`, `level`, `code`, `abb`, `cn_name`, `en_name`, `type`, `format`, `currency`, `com_id`, `is_foreign`, `is_dn`, `is_frozen`, `is_last`, `is_cash`, `balance`, `foreign_balance`, `opening_balance`, `opening_foreign_balance`, `year_opening_balance`, `year_opening_foreign_balance`, `vendor_required`, `clerk_required`, `team_required`, `branch_required`, `created_at`, `updated_at`) VALUES (83, 0, '1', '6602', '6602', '管理费用', 'managing cost', 'profit', 'amount', 'CNY', 1, 'N', 'Y', 'N', 'N', 'N', 0.00, 0.00, 0.00, 0.00, 0.00, 0.00, 'N', 'N', 'N', 'N', '2024-11-01 23:48:22', '2024-11-01 23:48:22');
INSERT INTO `ops`.`fin_account_subjects` (`id`, `pid`, `level`, `code`, `abb`, `cn_name`, `en_name`, `type`, `format`, `currency`, `com_id`, `is_foreign`, `is_dn`, `is_frozen`, `is_last`, `is_cash`, `balance`, `foreign_balance`, `opening_balance`, `opening_foreign_balance`, `year_opening_balance`, `year_opening_foreign_balance`, `vendor_required`, `clerk_required`, `team_required`, `branch_required`, `created_at`, `updated_at`) VALUES (84, 0, '1', '6603', '6603', '财务费用', 'financial cost', 'profit', 'amount', 'CNY', 1, 'N', 'Y', 'N', 'N', 'N', 0.00, 0.00, 0.00, 0.00, 0.00, 0.00, 'N', 'N', 'N', 'N', '2024-11-01 23:48:22', '2024-11-01 23:48:22');
INSERT INTO `ops`.`fin_account_subjects` (`id`, `pid`, `level`, `code`, `abb`, `cn_name`, `en_name`, `type`, `format`, `currency`, `com_id`, `is_foreign`, `is_dn`, `is_frozen`, `is_last`, `is_cash`, `balance`, `foreign_balance`, `opening_balance`, `opening_foreign_balance`, `year_opening_balance`, `year_opening_foreign_balance`, `vendor_required`, `clerk_required`, `team_required`, `branch_required`, `created_at`, `updated_at`) VALUES (85, 0, '1', '6604', '6604', '勘探费用', 'exploration expense', 'profit', 'amount', 'CNY', 1, 'N', 'Y', 'N', 'Y', 'N', 0.00, 0.00, 0.00, 0.00, 0.00, 0.00, 'N', 'N', 'N', 'N', '2024-11-01 23:48:22', '2024-11-01 23:48:22');
INSERT INTO `ops`.`fin_account_subjects` (`id`, `pid`, `level`, `code`, `abb`, `cn_name`, `en_name`, `type`, `format`, `currency`, `com_id`, `is_foreign`, `is_dn`, `is_frozen`, `is_last`, `is_cash`, `balance`, `foreign_balance`, `opening_balance`, `opening_foreign_balance`, `year_opening_balance`, `year_opening_foreign_balance`, `vendor_required`, `clerk_required`, `team_required`, `branch_required`, `created_at`, `updated_at`) VALUES (86, 0, '1', '6701', '6701', '资产减值损失', 'loss from asset devaluation', 'profit', 'amount', 'CNY', 1, 'N', 'Y', 'N', 'Y', 'N', 0.00, 0.00, 0.00, 0.00, 0.00, 0.00, 'N', 'N', 'N', 'N', '2024-11-01 23:48:22', '2024-11-01 23:48:22');
INSERT INTO `ops`.`fin_account_subjects` (`id`, `pid`, `level`, `code`, `abb`, `cn_name`, `en_name`, `type`, `format`, `currency`, `com_id`, `is_foreign`, `is_dn`, `is_frozen`, `is_last`, `is_cash`, `balance`, `foreign_balance`, `opening_balance`, `opening_foreign_balance`, `year_opening_balance`, `year_opening_foreign_balance`, `vendor_required`, `clerk_required`, `team_required`, `branch_required`, `created_at`, `updated_at`) VALUES (87, 0, '1', '6711', '6711', '营业外支出', 'nonoperating expense', 'profit', 'amount', 'CNY', 1, 'N', 'Y', 'N', 'N', 'N', 0.00, 0.00, 0.00, 0.00, 0.00, 0.00, 'N', 'N', 'N', 'N', '2024-11-01 23:48:22', '2024-11-01 23:48:22');
INSERT INTO `ops`.`fin_account_subjects` (`id`, `pid`, `level`, `code`, `abb`, `cn_name`, `en_name`, `type`, `format`, `currency`, `com_id`, `is_foreign`, `is_dn`, `is_frozen`, `is_last`, `is_cash`, `balance`, `foreign_balance`, `opening_balance`, `opening_foreign_balance`, `year_opening_balance`, `year_opening_foreign_balance`, `vendor_required`, `clerk_required`, `team_required`, `branch_required`, `created_at`, `updated_at`) VALUES (88, 0, '1', '6801', '6801', '所得税', 'income tax', 'profit', 'amount', 'CNY', 1, 'N', 'Y', 'N', 'N', 'N', 0.00, 0.00, 0.00, 0.00, 0.00, 0.00, 'N', 'N', 'N', 'N', '2024-11-01 23:48:22', '2024-11-01 23:48:22');
INSERT INTO `ops`.`fin_account_subjects` (`id`, `pid`, `level`, `code`, `abb`, `cn_name`, `en_name`, `type`, `format`, `currency`, `com_id`, `is_foreign`, `is_dn`, `is_frozen`, `is_last`, `is_cash`, `balance`, `foreign_balance`, `opening_balance`, `opening_foreign_balance`, `year_opening_balance`, `year_opening_foreign_balance`, `vendor_required`, `clerk_required`, `team_required`, `branch_required`, `created_at`, `updated_at`) VALUES (89, 0, '1', '6901', '6901', '以前年度损益调整', 'prior year profit and loss adjustment', 'profit', 'amount', 'CNY', 1, 'N', 'Y', 'N', 'Y', 'N', 0.00, 0.00, 0.00, 0.00, 0.00, 0.00, 'N', 'N', 'N', 'N', '2024-11-01 23:48:22', '2024-11-01 23:48:22');
INSERT INTO `ops`.`fin_account_subjects` (`id`, `pid`, `level`, `code`, `abb`, `cn_name`, `en_name`, `type`, `format`, `currency`, `com_id`, `is_foreign`, `is_dn`, `is_frozen`, `is_last`, `is_cash`, `balance`, `foreign_balance`, `opening_balance`, `opening_foreign_balance`, `year_opening_balance`, `year_opening_foreign_balance`, `vendor_required`, `clerk_required`, `team_required`, `branch_required`, `created_at`, `updated_at`) VALUES (90, 0, '1', '8801', '8801', '客户结算', 'client settlement obj', 'settlement', 'amount', 'CNY', 1, 'N', 'Y', 'N', 'N', 'N', 0.00, 0.00, 0.00, 0.00, 0.00, 0.00, 'N', 'N', 'N', 'N', '2024-11-01 23:48:22', '2024-11-01 23:48:22');
INSERT INTO `ops`.`fin_account_subjects` (`id`, `pid`, `level`, `code`, `abb`, `cn_name`, `en_name`, `type`, `format`, `currency`, `com_id`, `is_foreign`, `is_dn`, `is_frozen`, `is_last`, `is_cash`, `balance`, `foreign_balance`, `opening_balance`, `opening_foreign_balance`, `year_opening_balance`, `year_opening_foreign_balance`, `vendor_required`, `clerk_required`, `team_required`, `branch_required`, `created_at`, `updated_at`) VALUES (91, 0, '1', '8802', '8802', '订舱代理结算', 'booking agent settlement obj', 'settlement', 'amount', 'CNY', 1, 'N', 'Y', 'N', 'N', 'N', 0.00, 0.00, 0.00, 0.00, 0.00, 0.00, 'N', 'N', 'N', 'N', '2024-11-01 23:48:22', '2024-11-01 23:48:22');
INSERT INTO `ops`.`fin_account_subjects` (`id`, `pid`, `level`, `code`, `abb`, `cn_name`, `en_name`, `type`, `format`, `currency`, `com_id`, `is_foreign`, `is_dn`, `is_frozen`, `is_last`, `is_cash`, `balance`, `foreign_balance`, `opening_balance`, `opening_foreign_balance`, `year_opening_balance`, `year_opening_foreign_balance`, `vendor_required`, `clerk_required`, `team_required`, `branch_required`, `created_at`, `updated_at`) VALUES (92, 0, '1', '8803', '8803', '海外代理结算', 'overseas agent settlement obj', 'settlement', 'amount', 'CNY', 1, 'N', 'Y', 'N', 'N', 'N', 0.00, 0.00, 0.00, 0.00, 0.00, 0.00, 'N', 'N', 'N', 'N', '2024-11-01 23:48:22', '2024-11-01 23:48:22');
INSERT INTO `ops`.`fin_account_subjects` (`id`, `pid`, `level`, `code`, `abb`, `cn_name`, `en_name`, `type`, `format`, `currency`, `com_id`, `is_foreign`, `is_dn`, `is_frozen`, `is_last`, `is_cash`, `balance`, `foreign_balance`, `opening_balance`, `opening_foreign_balance`, `year_opening_balance`, `year_opening_foreign_balance`, `vendor_required`, `clerk_required`, `team_required`, `branch_required`, `created_at`, `updated_at`) VALUES (93, 0, '1', '8804', '8804', '供应商结算', 'vender settlement obj', 'settlement', 'amount', 'CNY', 1, 'N', 'Y', 'N', 'N', 'N', 0.00, 0.00, 0.00, 0.00, 0.00, 0.00, 'N', 'N', 'N', 'N', '2024-11-01 23:48:22', '2024-11-01 23:48:22');
